schema,table,column,position,data_type,max_length,precision,scale,nullable,default,comment,key_type,fk_table,fk_column
master,addresses,address_id,1,integer,,32,,NO,nextval('master.addresses_address_id_seq'::regclass),,PK,,
master,addresses,org_id,2,uuid,,,,NO,,,FK,organizations,org_id
master,addresses,entity_type,3,text,,,,NO,,,,,
master,addresses,entity_id,4,integer,,32,,NO,,,,,
master,addresses,address_type,5,text,,,,NO,,,,,
master,addresses,address_line1,6,text,,,,NO,,,,,
master,addresses,address_line2,7,text,,,,YES,,,,,
master,addresses,landmark,8,text,,,,YES,,,,,
master,addresses,city,9,text,,,,NO,,,,,
master,addresses,state_code,10,text,,,,NO,,,,,
master,addresses,state_name,11,text,,,,NO,,,,,
master,addresses,country,12,text,,,,YES,'India'::text,,,,
master,addresses,pincode,13,text,,,,NO,,,,,
master,addresses,latitude,14,numeric,,10,8,YES,,,,,
master,addresses,longitude,15,numeric,,11,8,YES,,,,,
master,addresses,google_plus_code,16,text,,,,YES,,,,,
master,addresses,contact_person,17,text,,,,YES,,,,,
master,addresses,contact_number,18,text,,,,YES,,,,,
master,addresses,contact_email,19,text,,,,YES,,,,,
master,addresses,delivery_instructions,20,text,,,,YES,,,,,
master,addresses,is_default,21,boolean,,,,YES,false,,,,
master,addresses,is_active,22,boolean,,,,YES,true,,,,
master,addresses,created_at,23,timestamp with time zone,,,,YES,CURRENT_TIMESTAMP,,,,
master,addresses,updated_at,24,timestamp with time zone,,,,YES,CURRENT_TIMESTAMP,,,,
master,branches,branch_id,1,integer,,32,,YES,,,,,
master,branches,org_id,2,uuid,,,,YES,,,,,
master,branches,branch_code,3,text,,,,YES,,,,,
master,branches,branch_name,4,text,,,,YES,,,,,
master,branches,branch_type,5,text,,,,YES,,,,,
master,branches,address,6,jsonb,,,,YES,,,,,
master,branches,google_maps_link,7,text,,,,YES,,,,,
master,branches,latitude,8,numeric,,10,8,YES,,,,,
master,branches,longitude,9,numeric,,11,8,YES,,,,,
master,branches,branch_phone,10,text,,,,YES,,,,,
master,branches,branch_email,11,text,,,,YES,,,,,
master,branches,branch_manager_id,12,integer,,32,,YES,,,,,
master,branches,branch_gst_number,13,text,,,,YES,,,,,
master,branches,drug_license_number,14,text,,,,YES,,,,,
master,branches,drug_license_validity,15,date,,,,YES,,,,,
master,branches,is_billing_location,16,boolean,,,,YES,,,,,
master,branches,is_shipping_location,17,boolean,,,,YES,,,,,
master,branches,is_default_location,18,boolean,,,,YES,,,,,
master,branches,storage_capacity,19,jsonb,,,,YES,,,,,
master,branches,working_hours,20,jsonb,,,,YES,,,,,
master,branches,holidays,21,jsonb,,,,YES,,,,,
master,branches,is_active,22,boolean,,,,YES,,,,,
master,branches,operational_since,23,date,,,,YES,,,,,
master,branches,created_at,24,timestamp with time zone,,,,YES,,,,,
master,branches,updated_at,25,timestamp with time zone,,,,YES,,,,,
master,currencies,currency_id,1,integer,,32,,NO,nextval('master.currencies_currency_id_seq'::regclass),,PK,,
master,currencies,currency_code,2,text,,,,NO,,,,,
master,currencies,currency_name,3,text,,,,NO,,,,,
master,currencies,currency_symbol,4,text,,,,NO,,,,,
master,currencies,decimal_places,5,integer,,32,,YES,2,,,,
master,currencies,decimal_separator,6,text,,,,YES,'.'::text,,,,
master,currencies,thousand_separator,7,text,,,,YES,"','::text",,,,
master,currencies,symbol_position,8,text,,,,YES,'before'::text,,,,
master,currencies,format_pattern,9,text,,,,YES,,,,,
master,currencies,is_base_currency,10,boolean,,,,YES,false,,,,
master,currencies,is_active,11,boolean,,,,YES,true,,,,
master,currencies,created_at,12,timestamp with time zone,,,,YES,CURRENT_TIMESTAMP,,,,
master,departments,department_id,1,integer,,32,,NO,nextval('master.departments_department_id_seq'::regclass),,PK,,
master,departments,org_id,2,uuid,,,,NO,,,FK,organizations,org_id
master,departments,department_code,3,text,,,,NO,,,,,
master,departments,department_name,4,text,,,,NO,,,,,
master,departments,department_type,5,text,,,,YES,,,,,
master,departments,parent_department_id,6,integer,,32,,YES,,,FK,departments,department_id
master,departments,department_head_id,7,integer,,32,,YES,,,FK,org_users,user_id
master,departments,cost_center_code,8,text,,,,YES,,,,,
master,departments,budget_allocated,9,numeric,,15,2,YES,,,,,
master,departments,is_active,10,boolean,,,,YES,true,,,,
master,departments,created_at,11,timestamp with time zone,,,,YES,CURRENT_TIMESTAMP,,,,
master,departments,updated_at,12,timestamp with time zone,,,,YES,CURRENT_TIMESTAMP,,,,
master,doctors,doctor_id,1,integer,,32,,NO,nextval('master.doctors_doctor_id_seq'::regclass),,PK,,
master,doctors,org_id,2,uuid,,,,NO,,,FK,organizations,org_id
master,doctors,doctor_code,3,text,,,,NO,,,,,
master,doctors,doctor_name,4,text,,,,NO,,,,,
master,doctors,qualification,5,text,,,,YES,,,,,
master,doctors,specialization,6,text,,,,YES,,,,,
master,doctors,registration_number,7,text,,,,YES,,,,,
master,doctors,clinic_name,8,text,,,,YES,,,,,
master,doctors,clinic_address,9,jsonb,,,,YES,,,,,
master,doctors,phone_numbers,10,ARRAY,,,,YES,,,,,
master,doctors,email,11,text,,,,YES,,,,,
master,doctors,years_of_practice,12,integer,,32,,YES,,,,,
master,doctors,associated_hospitals,13,ARRAY,,,,YES,,,,,
master,doctors,commission_rate,14,numeric,,5,2,YES,,,,,
master,doctors,credit_limit,15,numeric,,15,2,YES,,,,,
master,doctors,payment_terms_days,16,integer,,32,,YES,30,,,,
master,doctors,preferred_brands,17,ARRAY,,,,YES,,,,,
master,doctors,prescription_pattern,18,jsonb,,,,YES,,,,,
master,doctors,is_active,19,boolean,,,,YES,true,,,,
master,doctors,blacklisted,20,boolean,,,,YES,false,,,,
master,doctors,blacklist_reason,21,text,,,,YES,,,,,
master,doctors,created_at,22,timestamp with time zone,,,,YES,CURRENT_TIMESTAMP,,,,
master,doctors,updated_at,23,timestamp with time zone,,,,YES,CURRENT_TIMESTAMP,,,,
master,employees,employee_id,1,integer,,32,,NO,nextval('master.employees_employee_id_seq'::regclass),,PK,,
master,employees,org_id,2,uuid,,,,NO,,,FK,organizations,org_id
master,employees,user_id,3,integer,,32,,YES,,,FK,org_users,user_id
master,employees,employee_code,4,text,,,,NO,,,,,
master,employees,first_name,5,text,,,,NO,,,,,
master,employees,last_name,6,text,,,,YES,,,,,
master,employees,full_name,7,text,,,,YES,,,,,
master,employees,date_of_birth,8,date,,,,YES,,,,,
master,employees,gender,9,text,,,,YES,,,,,
master,employees,marital_status,10,text,,,,YES,,,,,
master,employees,blood_group,11,text,,,,YES,,,,,
master,employees,personal_email,12,text,,,,YES,,,,,
master,employees,personal_mobile,13,text,,,,NO,,,,,
master,employees,emergency_contact,14,jsonb,,,,YES,,,,,
master,employees,permanent_address,15,jsonb,,,,YES,,,,,
master,employees,current_address,16,jsonb,,,,YES,,,,,
master,employees,designation,17,text,,,,NO,,,,,
master,employees,department_id,18,integer,,32,,YES,,,FK,departments,department_id
master,employees,branch_id,19,integer,,32,,YES,,,FK,org_branches,branch_id
master,employees,joining_date,20,date,,,,NO,,,,,
master,employees,probation_end_date,21,date,,,,YES,,,,,
master,employees,confirmation_date,22,date,,,,YES,,,,,
master,employees,pan_number,23,text,,,,YES,,,,,
master,employees,aadhar_number,24,text,,,,YES,,,,,
master,employees,driving_license,25,text,,,,YES,,,,,
master,employees,passport_number,26,text,,,,YES,,,,,
master,employees,bank_account_details,27,jsonb,,,,YES,,,,,
master,employees,employment_status,28,text,,,,YES,'active'::text,,,,
master,employees,resignation_date,29,date,,,,YES,,,,,
master,employees,last_working_date,30,date,,,,YES,,,,,
master,employees,created_at,31,timestamp with time zone,,,,YES,CURRENT_TIMESTAMP,,,,
master,employees,updated_at,32,timestamp with time zone,,,,YES,CURRENT_TIMESTAMP,,,,
master,exchange_rates,rate_id,1,integer,,32,,NO,nextval('master.exchange_rates_rate_id_seq'::regclass),,PK,,
master,exchange_rates,org_id,2,uuid,,,,NO,,,FK,organizations,org_id
master,exchange_rates,from_currency_code,3,text,,,,NO,,,,,
master,exchange_rates,to_currency_code,4,text,,,,NO,,,,,
master,exchange_rates,exchange_rate,5,numeric,,15,6,NO,,,,,
master,exchange_rates,inverse_rate,6,numeric,,15,6,YES,,,,,
master,exchange_rates,effective_from,7,date,,,,NO,,,,,
master,exchange_rates,effective_until,8,date,,,,YES,,,,,
master,exchange_rates,rate_source,9,text,,,,YES,,,,,
master,exchange_rates,is_active,10,boolean,,,,YES,true,,,,
master,exchange_rates,created_at,11,timestamp with time zone,,,,YES,CURRENT_TIMESTAMP,,,,
master,exchange_rates,created_by,12,integer,,32,,YES,,,FK,org_users,user_id
master,number_series,series_id,1,integer,,32,,NO,nextval('master.number_series_series_id_seq'::regclass),,PK,,
master,number_series,org_id,2,uuid,,,,NO,,,FK,organizations,org_id
master,number_series,branch_id,3,integer,,32,,YES,,,FK,org_branches,branch_id
master,number_series,document_type,4,text,,,,NO,,,,,
master,number_series,series_code,5,text,,,,NO,,,,,
master,number_series,series_description,6,text,,,,YES,,,,,
master,number_series,prefix,7,text,,,,YES,,,,,
master,number_series,suffix,8,text,,,,YES,,,,,
master,number_series,separator,9,text,,,,YES,'/'::text,,,,
master,number_series,current_number,10,integer,,32,,NO,0,,,,
master,number_series,start_number,11,integer,,32,,NO,1,,,,
master,number_series,increment_by,12,integer,,32,,NO,1,,,,
master,number_series,reset_frequency,13,text,,,,YES,,,,,
master,number_series,last_reset_date,14,date,,,,YES,,,,,
master,number_series,preview_format,15,text,,,,YES,,,,,
master,number_series,is_default,16,boolean,,,,YES,false,,,,
master,number_series,is_active,17,boolean,,,,YES,true,,,,
master,number_series,created_at,18,timestamp with time zone,,,,YES,CURRENT_TIMESTAMP,,,,
master,number_series,updated_at,19,timestamp with time zone,,,,YES,CURRENT_TIMESTAMP,,,,
master,org_bank_accounts,bank_account_id,1,integer,,32,,NO,nextval('master.org_bank_accounts_bank_account_id_seq'::regclass),,PK,,
master,org_bank_accounts,org_id,2,uuid,,,,NO,,,FK,organizations,org_id
master,org_bank_accounts,branch_id,3,integer,,32,,YES,,,FK,org_branches,branch_id
master,org_bank_accounts,account_name,4,text,,,,NO,,,,,
master,org_bank_accounts,account_number,5,text,,,,NO,,,,,
master,org_bank_accounts,account_type,6,text,,,,NO,,,,,
master,org_bank_accounts,bank_name,7,text,,,,NO,,,,,
master,org_bank_accounts,branch_name,8,text,,,,NO,,,,,
master,org_bank_accounts,ifsc_code,9,text,,,,NO,,,,,
master,org_bank_accounts,swift_code,10,text,,,,YES,,,,,
master,org_bank_accounts,bank_address,11,jsonb,,,,YES,,,,,
master,org_bank_accounts,bank_contact_number,12,text,,,,YES,,,,,
master,org_bank_accounts,relationship_manager,13,text,,,,YES,,,,,
master,org_bank_accounts,currency_code,14,text,,,,YES,'INR'::text,,,,
master,org_bank_accounts,overdraft_limit,15,numeric,,15,2,YES,,,,,
master,org_bank_accounts,is_default_account,16,boolean,,,,YES,false,,,,
master,org_bank_accounts,is_payment_account,17,boolean,,,,YES,true,,,,
master,org_bank_accounts,is_receipt_account,18,boolean,,,,YES,true,,,,
master,org_bank_accounts,last_reconciled_date,19,date,,,,YES,,,,,
master,org_bank_accounts,last_statement_date,20,date,,,,YES,,,,,
master,org_bank_accounts,current_balance,21,numeric,,15,2,YES,,,,,
master,org_bank_accounts,is_active,22,boolean,,,,YES,true,,,,
master,org_bank_accounts,account_opened_date,23,date,,,,YES,,,,,
master,org_bank_accounts,created_at,24,timestamp with time zone,,,,YES,CURRENT_TIMESTAMP,,,,
master,org_bank_accounts,updated_at,25,timestamp with time zone,,,,YES,CURRENT_TIMESTAMP,,,,
master,org_branches,branch_id,1,integer,,32,,NO,nextval('master.org_branches_branch_id_seq'::regclass),,PK,,
master,org_branches,org_id,2,uuid,,,,NO,,,FK,organizations,org_id
master,org_branches,branch_code,3,text,,,,NO,,,,,
master,org_branches,branch_name,4,text,,,,NO,,,,,
master,org_branches,branch_type,5,text,,,,NO,'warehouse'::text,,,,
master,org_branches,address,6,jsonb,,,,NO,,,,,
master,org_branches,google_maps_link,7,text,,,,YES,,,,,
master,org_branches,latitude,8,numeric,,10,8,YES,,,,,
master,org_branches,longitude,9,numeric,,11,8,YES,,,,,
master,org_branches,branch_phone,10,text,,,,YES,,,,,
master,org_branches,branch_email,11,text,,,,YES,,,,,
master,org_branches,branch_manager_id,12,integer,,32,,YES,,,,,
master,org_branches,branch_gst_number,13,text,,,,YES,,,,,
master,org_branches,drug_license_number,14,text,,,,YES,,,,,
master,org_branches,drug_license_validity,15,date,,,,YES,,,,,
master,org_branches,is_billing_location,16,boolean,,,,YES,false,,,,
master,org_branches,is_shipping_location,17,boolean,,,,YES,true,,,,
master,org_branches,is_default_location,18,boolean,,,,YES,false,,,,
master,org_branches,storage_capacity,19,jsonb,,,,YES,,,,,
master,org_branches,working_hours,20,jsonb,,,,YES,,,,,
master,org_branches,holidays,21,jsonb,,,,YES,'[]'::jsonb,,,,
master,org_branches,is_active,22,boolean,,,,YES,true,,,,
master,org_branches,operational_since,23,date,,,,YES,,,,,
master,org_branches,created_at,24,timestamp with time zone,,,,YES,CURRENT_TIMESTAMP,,,,
master,org_branches,updated_at,25,timestamp with time zone,,,,YES,CURRENT_TIMESTAMP,,,,
master,org_users,user_id,1,integer,,32,,NO,nextval('master.org_users_user_id_seq'::regclass),,PK,,
master,org_users,org_id,2,uuid,,,,NO,,,FK,organizations,org_id
master,org_users,auth_user_id,3,uuid,,,,YES,,,,,
master,org_users,username,4,text,,,,NO,,,,,
master,org_users,email,5,text,,,,NO,,,,,
master,org_users,mobile_number,6,text,,,,NO,,,,,
master,org_users,employee_code,7,text,,,,YES,,,,,
master,org_users,first_name,8,text,,,,NO,,,,,
master,org_users,last_name,9,text,,,,YES,,,,,
master,org_users,full_name,10,text,,,,YES,,,,,
master,org_users,role_id,11,integer,,32,,YES,,,,,
master,org_users,is_admin,12,boolean,,,,YES,false,,,,
master,org_users,permissions,13,jsonb,,,,YES,'{}'::jsonb,,,,
master,org_users,branch_ids,14,ARRAY,,,,YES,'{}'::integer[],,,,
master,org_users,department_id,15,integer,,32,,YES,,,,,
master,org_users,reporting_to_id,16,integer,,32,,YES,,,FK,org_users,user_id
master,org_users,last_login,17,timestamp with time zone,,,,YES,,,,,
master,org_users,login_count,18,integer,,32,,YES,0,,,,
master,org_users,failed_login_attempts,19,integer,,32,,YES,0,,,,
master,org_users,locked_until,20,timestamp with time zone,,,,YES,,,,,
master,org_users,ui_preferences,21,jsonb,,,,YES,'{}'::jsonb,,,,
master,org_users,notification_preferences,22,jsonb,,,,YES,'{}'::jsonb,,,,
master,org_users,is_active,23,boolean,,,,YES,true,,,,
master,org_users,is_online,24,boolean,,,,YES,false,,,,
master,org_users,created_at,25,timestamp with time zone,,,,YES,CURRENT_TIMESTAMP,,,,
master,org_users,updated_at,26,timestamp with time zone,,,,YES,CURRENT_TIMESTAMP,,,,
master,org_users,created_by,27,integer,,32,,YES,,,,,
master,org_users,password_hash,28,text,,,,YES,,,,,
master,organizations,org_id,1,uuid,,,,NO,gen_random_uuid(),,PK,,
master,organizations,org_code,2,text,,,,NO,,,,,
master,organizations,org_name,3,text,,,,NO,,,,,
master,organizations,legal_name,4,text,,,,NO,,,,,
master,organizations,business_type,5,text,,,,NO,'pharmaceutical_distributor'::text,,,,
master,organizations,establishment_date,6,date,,,,YES,,,,,
master,organizations,gst_number,7,text,,,,YES,,,,,
master,organizations,pan_number,8,text,,,,YES,,,,,
master,organizations,drug_license_number,9,text,,,,YES,,,,,
master,organizations,drug_license_validity,10,date,,,,YES,,,,,
master,organizations,fssai_number,11,text,,,,YES,,,,,
master,organizations,registered_address,12,jsonb,,,,NO,,,,,
master,organizations,correspondence_address,13,jsonb,,,,YES,,,,,
master,organizations,contact_numbers,14,jsonb,,,,YES,,,,,
master,organizations,email_addresses,15,jsonb,,,,YES,,,,,
master,organizations,website,16,text,,,,YES,,,,,
master,organizations,financial_year_start,17,integer,,32,,YES,4,,,,
master,organizations,currency_code,18,text,,,,YES,'INR'::text,,,,
master,organizations,date_format,19,text,,,,YES,'DD/MM/YYYY'::text,,,,
master,organizations,time_zone,20,text,,,,YES,'Asia/Kolkata'::text,,,,
master,organizations,subscription_plan,21,text,,,,YES,'standard'::text,,,,
master,organizations,subscription_status,22,text,,,,YES,'active'::text,,,,
master,organizations,subscription_valid_until,23,date,,,,YES,,,,,
master,organizations,user_limit,24,integer,,32,,YES,10,,,,
master,organizations,branch_limit,25,integer,,32,,YES,1,,,,
master,organizations,business_settings,26,jsonb,,,,YES,'{}'::jsonb,,,,
master,organizations,feature_flags,27,jsonb,,,,YES,'{}'::jsonb,,,,
master,organizations,is_active,28,boolean,,,,YES,true,,,,
master,organizations,is_verified,29,boolean,,,,YES,false,,,,
master,organizations,verified_at,30,timestamp with time zone,,,,YES,,,,,
master,organizations,created_at,31,timestamp with time zone,,,,YES,CURRENT_TIMESTAMP,,,,
master,organizations,updated_at,32,timestamp with time zone,,,,YES,CURRENT_TIMESTAMP,,,,
master,organizations,created_by,33,uuid,,,,YES,,,,,
master,roles,role_id,1,integer,,32,,NO,nextval('master.roles_role_id_seq'::regclass),,PK,,
master,roles,org_id,2,uuid,,,,NO,,,FK,organizations,org_id
master,roles,role_code,3,text,,,,NO,,,,,
master,roles,role_name,4,text,,,,NO,,,,,
master,roles,role_description,5,text,,,,YES,,,,,
master,roles,parent_role_id,6,integer,,32,,YES,,,FK,roles,role_id
master,roles,role_level,7,integer,,32,,NO,1,,,,
master,roles,permissions,8,jsonb,,,,NO,'{}'::jsonb,,,,
master,roles,allowed_modules,9,ARRAY,,,,YES,'{}'::text[],,,,
master,roles,restricted_features,10,ARRAY,,,,YES,'{}'::text[],,,,
master,roles,data_access_level,11,text,,,,YES,'own'::text,,,,
master,roles,is_system_role,12,boolean,,,,YES,false,,,,
master,roles,is_active,13,boolean,,,,YES,true,,,,
master,roles,created_at,14,timestamp with time zone,,,,YES,CURRENT_TIMESTAMP,,,,
master,roles,updated_at,15,timestamp with time zone,,,,YES,CURRENT_TIMESTAMP,,,,
master,system_settings,setting_id,1,integer,,32,,NO,nextval('master.system_settings_setting_id_seq'::regclass),,PK,,
master,system_settings,org_id,2,uuid,,,,NO,,,,,
master,system_settings,setting_category,3,text,,,,NO,,,,,
master,system_settings,setting_key,4,text,,,,NO,,,,,
master,system_settings,setting_value,5,text,,,,NO,,,,,
master,system_settings,setting_type,6,text,,,,NO,,,,,
master,system_settings,description,7,text,,,,YES,,,,,
master,system_settings,is_active,8,boolean,,,,YES,true,,,,
master,system_settings,created_by,9,integer,,32,,YES,,,,,
master,system_settings,created_at,10,timestamp with time zone,,,,YES,CURRENT_TIMESTAMP,,,,
master,system_settings,updated_at,11,timestamp with time zone,,,,YES,CURRENT_TIMESTAMP,,,,
parties,customer_contacts,contact_id,1,integer,,32,,NO,nextval('parties.customer_contacts_contact_id_seq'::regclass),,PK,,
parties,customer_contacts,customer_id,2,integer,,32,,NO,,,FK,customers,customer_id
parties,customer_contacts,contact_name,3,text,,,,NO,,,,,
parties,customer_contacts,designation,4,text,,,,YES,,,,,
parties,customer_contacts,department,5,text,,,,YES,,,,,
parties,customer_contacts,mobile_number,6,text,,,,YES,,,,,
parties,customer_contacts,phone_number,7,text,,,,YES,,,,,
parties,customer_contacts,email,8,text,,,,YES,,,,,
parties,customer_contacts,is_primary_contact,9,boolean,,,,YES,false,,,,
parties,customer_contacts,contact_for,10,ARRAY,,,,YES,,,,,
parties,customer_contacts,preferred_contact_time,11,text,,,,YES,,,,,
parties,customer_contacts,preferred_language,12,text,,,,YES,'English'::text,,,,
parties,customer_contacts,date_of_birth,13,date,,,,YES,,,,,
parties,customer_contacts,anniversary_date,14,date,,,,YES,,,,,
parties,customer_contacts,notes,15,text,,,,YES,,,,,
parties,customer_contacts,is_active,16,boolean,,,,YES,true,,,,
parties,customer_contacts,created_at,17,timestamp with time zone,,,,YES,CURRENT_TIMESTAMP,,,,
parties,customer_contacts,updated_at,18,timestamp with time zone,,,,YES,CURRENT_TIMESTAMP,,,,
parties,customer_group_members,member_id,1,integer,,32,,NO,nextval('parties.customer_group_members_member_id_seq'::regclass),,PK,,
parties,customer_group_members,group_id,2,integer,,32,,NO,,,FK,customer_groups,group_id
parties,customer_group_members,customer_id,3,integer,,32,,NO,,,FK,customers,customer_id
parties,customer_group_members,joined_date,4,date,,,,NO,CURRENT_DATE,,,,
parties,customer_group_members,expiry_date,5,date,,,,YES,,,,,
parties,customer_group_members,override_discount,6,numeric,,5,2,YES,,,,,
parties,customer_group_members,override_credit_limit,7,numeric,,15,2,YES,,,,,
parties,customer_group_members,is_active,8,boolean,,,,YES,true,,,,
parties,customer_group_members,created_at,9,timestamp with time zone,,,,YES,CURRENT_TIMESTAMP,,,,
parties,customer_group_members,created_by,10,integer,,32,,YES,,,FK,org_users,user_id
parties,customer_groups,group_id,1,integer,,32,,NO,nextval('parties.customer_groups_group_id_seq'::regclass),,PK,,
parties,customer_groups,org_id,2,uuid,,,,NO,,,FK,organizations,org_id
parties,customer_groups,group_code,3,text,,,,NO,,,,,
parties,customer_groups,group_name,4,text,,,,NO,,,,,
parties,customer_groups,group_type,5,text,,,,NO,,,,,
parties,customer_groups,parent_group_id,6,integer,,32,,YES,,,FK,customer_groups,group_id
parties,customer_groups,discount_percentage,7,numeric,,5,2,YES,,,,,
parties,customer_groups,price_list_id,8,integer,,32,,YES,,,,,
parties,customer_groups,payment_terms_days,9,integer,,32,,YES,,,,,
parties,customer_groups,credit_limit_multiplier,10,numeric,,3,2,YES,1.0,,,,
parties,customer_groups,eligibility_criteria,11,jsonb,,,,YES,'{}'::jsonb,,,,
parties,customer_groups,is_active,12,boolean,,,,YES,true,,,,
parties,customer_groups,created_at,13,timestamp with time zone,,,,YES,CURRENT_TIMESTAMP,,,,
parties,customer_groups,updated_at,14,timestamp with time zone,,,,YES,CURRENT_TIMESTAMP,,,,
parties,customers,customer_id,1,integer,,32,,NO,nextval('parties.customers_customer_id_seq'::regclass),,PK,,
parties,customers,org_id,2,uuid,,,,NO,,,FK,organizations,org_id
parties,customers,customer_code,3,text,,,,NO,,,,,
parties,customers,customer_name,4,text,,,,NO,,,,,
parties,customers,customer_type,5,text,,,,NO,,,,,
parties,customers,primary_phone,6,text,,,,NO,,,,,
parties,customers,primary_email,7,text,,,,YES,,,,,
parties,customers,secondary_phone,8,text,,,,YES,,,,,
parties,customers,whatsapp_number,9,text,,,,YES,,,,,
parties,customers,contact_person_name,10,text,,,,YES,,,,,
parties,customers,contact_person_phone,11,text,,,,YES,,,,,
parties,customers,contact_person_email,12,text,,,,YES,,,,,
parties,customers,gst_number,13,text,,,,YES,,,,,
parties,customers,pan_number,14,text,,,,YES,,,,,
parties,customers,drug_license_number,15,text,,,,YES,,,,,
parties,customers,drug_license_validity,16,date,,,,YES,,,,,
parties,customers,fssai_number,17,text,,,,YES,,,,,
parties,customers,establishment_year,18,integer,,32,,YES,,,,,
parties,customers,business_type,19,text,,,,YES,'retail_pharmacy'::text,,,,
parties,customers,credit_limit,20,numeric,,15,2,YES,0,,,,
parties,customers,current_outstanding,21,numeric,,15,2,YES,0,,,,
parties,customers,credit_days,22,integer,,32,,YES,0,,,,
parties,customers,credit_rating,23,text,,,,YES,'C'::text,,,,
parties,customers,payment_terms,24,text,,,,YES,'Cash'::text,,,,
parties,customers,security_deposit,25,numeric,,15,2,YES,0,,,,
parties,customers,overdue_interest_rate,26,numeric,,5,2,YES,0,,,,
parties,customers,customer_category,27,text,,,,YES,,,,,
parties,customers,customer_grade,28,text,,,,YES,,,,,
parties,customers,territory_id,29,integer,,32,,YES,,,,,
parties,customers,route_id,30,integer,,32,,YES,,,,,
parties,customers,area_code,31,text,,,,YES,,,,,
parties,customers,assigned_salesperson_id,32,integer,,32,,YES,,,FK,org_users,user_id
parties,customers,price_list_id,33,integer,,32,,YES,,,,,
parties,customers,discount_group_id,34,integer,,32,,YES,,,,,
parties,customers,kyc_status,35,text,,,,YES,'pending'::text,,,,
parties,customers,kyc_verified_date,36,date,,,,YES,,,,,
parties,customers,kyc_documents,37,jsonb,,,,YES,'[]'::jsonb,,,,
parties,customers,preferred_payment_mode,38,text,,,,YES,,,,,
parties,customers,preferred_delivery_time,39,text,,,,YES,,,,,
parties,customers,prefer_sms,40,boolean,,,,YES,true,,,,
parties,customers,prefer_email,41,boolean,,,,YES,false,,,,
parties,customers,prefer_whatsapp,42,boolean,,,,YES,true,,,,
parties,customers,first_transaction_date,43,date,,,,YES,,,,,
parties,customers,last_transaction_date,44,date,,,,YES,,,,,
parties,customers,total_business_amount,45,numeric,,15,2,YES,0,,,,
parties,customers,total_transactions,46,integer,,32,,YES,0,,,,
parties,customers,average_order_value,47,numeric,,15,2,YES,0,,,,
parties,customers,is_active,48,boolean,,,,YES,true,,,,
parties,customers,blacklisted,49,boolean,,,,YES,false,,,,
parties,customers,blacklist_reason,50,text,,,,YES,,,,,
parties,customers,blacklist_date,51,date,,,,YES,,,,,
parties,customers,loyalty_points,52,numeric,,15,2,YES,0,,,,
parties,customers,loyalty_tier,53,text,,,,YES,'bronze'::text,,,,
parties,customers,internal_notes,54,text,,,,YES,,,,,
parties,customers,created_at,55,timestamp with time zone,,,,YES,CURRENT_TIMESTAMP,,,,
parties,customers,updated_at,56,timestamp with time zone,,,,YES,CURRENT_TIMESTAMP,,,,
parties,customers,created_by,57,integer,,32,,YES,,,FK,org_users,user_id
parties,routes,route_id,1,integer,,32,,NO,nextval('parties.routes_route_id_seq'::regclass),,PK,,
parties,routes,org_id,2,uuid,,,,NO,,,FK,organizations,org_id
parties,routes,territory_id,3,integer,,32,,YES,,,FK,territories,territory_id
parties,routes,route_code,4,text,,,,NO,,,,,
parties,routes,route_name,5,text,,,,NO,,,,,
parties,routes,route_type,6,text,,,,NO,,,,,
parties,routes,visit_days,7,ARRAY,,,,YES,,,,,
parties,routes,visit_frequency,8,text,,,,YES,,,,,
parties,routes,assigned_to_id,9,integer,,32,,YES,,,FK,org_users,user_id
parties,routes,vehicle_required,10,boolean,,,,YES,false,,,,
parties,routes,total_distance_km,11,numeric,,10,2,YES,,,,,
parties,routes,average_time_hours,12,numeric,,5,2,YES,,,,,
parties,routes,customer_count,13,integer,,32,,YES,0,,,,
parties,routes,customer_sequence,14,jsonb,,,,YES,'[]'::jsonb,,,,
parties,routes,is_active,15,boolean,,,,YES,true,,,,
parties,routes,created_at,16,timestamp with time zone,,,,YES,CURRENT_TIMESTAMP,,,,
parties,routes,updated_at,17,timestamp with time zone,,,,YES,CURRENT_TIMESTAMP,,,,
parties,supplier_contacts,contact_id,1,integer,,32,,NO,nextval('parties.supplier_contacts_contact_id_seq'::regclass),,PK,,
parties,supplier_contacts,supplier_id,2,integer,,32,,NO,,,FK,suppliers,supplier_id
parties,supplier_contacts,contact_name,3,text,,,,NO,,,,,
parties,supplier_contacts,designation,4,text,,,,YES,,,,,
parties,supplier_contacts,department,5,text,,,,YES,,,,,
parties,supplier_contacts,mobile_number,6,text,,,,YES,,,,,
parties,supplier_contacts,phone_number,7,text,,,,YES,,,,,
parties,supplier_contacts,email,8,text,,,,YES,,,,,
parties,supplier_contacts,is_primary_contact,9,boolean,,,,YES,false,,,,
parties,supplier_contacts,contact_for,10,ARRAY,,,,YES,,,,,
parties,supplier_contacts,can_negotiate_prices,11,boolean,,,,YES,false,,,,
parties,supplier_contacts,can_approve_returns,12,boolean,,,,YES,false,,,,
parties,supplier_contacts,max_discount_authority,13,numeric,,5,2,YES,,,,,
parties,supplier_contacts,notes,14,text,,,,YES,,,,,
parties,supplier_contacts,is_active,15,boolean,,,,YES,true,,,,
parties,supplier_contacts,created_at,16,timestamp with time zone,,,,YES,CURRENT_TIMESTAMP,,,,
parties,supplier_contacts,updated_at,17,timestamp with time zone,,,,YES,CURRENT_TIMESTAMP,,,,
parties,suppliers,supplier_id,1,integer,,32,,NO,nextval('parties.suppliers_supplier_id_seq'::regclass),,PK,,
parties,suppliers,org_id,2,uuid,,,,NO,,,FK,organizations,org_id
parties,suppliers,supplier_code,3,text,,,,NO,,,,,
parties,suppliers,supplier_name,4,text,,,,NO,,,,,
parties,suppliers,supplier_type,5,text,,,,NO,,,,,
parties,suppliers,primary_phone,6,text,,,,NO,,,,,
parties,suppliers,primary_email,7,text,,,,YES,,,,,
parties,suppliers,secondary_phone,8,text,,,,YES,,,,,
parties,suppliers,contact_person_name,9,text,,,,YES,,,,,
parties,suppliers,contact_person_phone,10,text,,,,YES,,,,,
parties,suppliers,gst_number,11,text,,,,YES,,,,,
parties,suppliers,pan_number,12,text,,,,YES,,,,,
parties,suppliers,drug_license_number,13,text,,,,YES,,,,,
parties,suppliers,drug_license_validity,14,date,,,,YES,,,,,
parties,suppliers,establishment_year,15,integer,,32,,YES,,,,,
parties,suppliers,payment_days,16,integer,,32,,YES,30,,,,
parties,suppliers,preferred_payment_mode,17,text,,,,YES,'bank_transfer'::text,,,,
parties,suppliers,early_payment_discount,18,numeric,,5,2,YES,0,,,,
parties,suppliers,late_payment_penalty,19,numeric,,5,2,YES,0,,,,
parties,suppliers,supplier_category,20,text,,,,YES,,,,,
parties,suppliers,supplier_grade,21,text,,,,YES,,,,,
parties,suppliers,product_categories,22,ARRAY,,,,YES,,,,,
parties,suppliers,brand_authorizations,23,ARRAY,,,,YES,,,,,
parties,suppliers,compliance_rating,24,text,,,,YES,'good'::text,,,,
parties,suppliers,quality_rating,25,numeric,,3,2,YES,,,,,
parties,suppliers,delivery_rating,26,numeric,,3,2,YES,,,,,
parties,suppliers,vendor_documents,27,jsonb,,,,YES,'[]'::jsonb,,,,
parties,suppliers,bank_name,28,text,,,,YES,,,,,
parties,suppliers,account_number,29,text,,,,YES,,,,,
parties,suppliers,ifsc_code,30,text,,,,YES,,,,,
parties,suppliers,account_type,31,text,,,,YES,'current'::text,,,,
parties,suppliers,account_holder_name,32,text,,,,YES,,,,,
parties,suppliers,credit_limit_given,33,numeric,,15,2,YES,,,,,
parties,suppliers,current_outstanding,34,numeric,,15,2,YES,0,,,,
parties,suppliers,first_purchase_date,35,date,,,,YES,,,,,
parties,suppliers,last_purchase_date,36,date,,,,YES,,,,,
parties,suppliers,total_purchase_amount,37,numeric,,15,2,YES,0,,,,
parties,suppliers,total_purchases,38,integer,,32,,YES,0,,,,
parties,suppliers,average_order_value,39,numeric,,15,2,YES,0,,,,
parties,suppliers,return_rate_percentage,40,numeric,,5,2,YES,0,,,,
parties,suppliers,quality_issue_count,41,integer,,32,,YES,0,,,,
parties,suppliers,is_active,42,boolean,,,,YES,true,,,,
parties,suppliers,is_approved,43,boolean,,,,YES,false,,,,
parties,suppliers,approved_date,44,date,,,,YES,,,,,
parties,suppliers,approved_by,45,integer,,32,,YES,,,FK,org_users,user_id
parties,suppliers,blacklisted,46,boolean,,,,YES,false,,,,
parties,suppliers,blacklist_reason,47,text,,,,YES,,,,,
parties,suppliers,blacklist_date,48,date,,,,YES,,,,,
parties,suppliers,internal_notes,49,text,,,,YES,,,,,
parties,suppliers,created_at,50,timestamp with time zone,,,,YES,CURRENT_TIMESTAMP,,,,
parties,suppliers,updated_at,51,timestamp with time zone,,,,YES,CURRENT_TIMESTAMP,,,,
parties,suppliers,created_by,52,integer,,32,,YES,,,FK,org_users,user_id
parties,suppliers,website,53,text,,,,YES,,Supplier website URL for reference and communication,,,
parties,territories,territory_id,1,integer,,32,,NO,nextval('parties.territories_territory_id_seq'::regclass),,PK,,
parties,territories,org_id,2,uuid,,,,NO,,,FK,organizations,org_id
parties,territories,territory_code,3,text,,,,NO,,,,,
parties,territories,territory_name,4,text,,,,NO,,,,,
parties,territories,territory_type,5,text,,,,NO,,,,,
parties,territories,parent_territory_id,6,integer,,32,,YES,,,FK,territories,territory_id
parties,territories,territory_path,7,text,,,,YES,,,,,
parties,territories,geographic_data,8,jsonb,,,,YES,'{}'::jsonb,,,,
parties,territories,territory_manager_id,9,integer,,32,,YES,,,FK,org_users,user_id
parties,territories,sales_team_ids,10,ARRAY,,,,YES,,,,,
parties,territories,monthly_target,11,numeric,,15,2,YES,,,,,
parties,territories,quarterly_target,12,numeric,,15,2,YES,,,,,
parties,territories,annual_target,13,numeric,,15,2,YES,,,,,
parties,territories,current_month_achievement,14,numeric,,15,2,YES,0,,,,
parties,territories,current_quarter_achievement,15,numeric,,15,2,YES,0,,,,
parties,territories,is_active,16,boolean,,,,YES,true,,,,
parties,territories,created_at,17,timestamp with time zone,,,,YES,CURRENT_TIMESTAMP,,,,
parties,territories,updated_at,18,timestamp with time zone,,,,YES,CURRENT_TIMESTAMP,,,,
inventory,batches,batch_id,1,integer,,32,,NO,nextval('inventory.batches_batch_id_seq'::regclass),,PK,,
inventory,batches,org_id,2,uuid,,,,NO,,,FK,organizations,org_id
inventory,batches,product_id,3,integer,,32,,NO,,,FK,products,product_id
inventory,batches,batch_number,4,text,,,,NO,,,,,
inventory,batches,alternate_batch_number,5,text,,,,YES,,,,,
inventory,batches,manufacturing_date,6,date,,,,YES,,,,,
inventory,batches,expiry_date,7,date,,,,NO,,,,,
inventory,batches,retesting_date,8,date,,,,YES,,,,,
inventory,batches,initial_quantity,9,numeric,,15,3,NO,,,,,
inventory,batches,quantity_available,10,numeric,,15,3,NO,0,,,,
inventory,batches,quantity_reserved,11,numeric,,15,3,YES,0,Quantity reserved for specific purposes,,,
inventory,batches,quantity_quarantine,12,numeric,,15,3,YES,0,,,,
inventory,batches,location_count,13,integer,,32,,YES,0,,,,
inventory,batches,primary_location_id,14,integer,,32,,YES,,,,,
inventory,batches,cost_per_unit,15,numeric,,15,4,YES,,Purchase cost per base unit (only pricing source),,,
inventory,batches,mrp_per_unit,16,numeric,,15,2,NO,,MRP per base unit (only MRP source),,,
inventory,batches,sale_price_per_unit,17,numeric,,15,2,YES,,Selling price per base unit (only selling price source),,,
inventory,batches,qc_status,28,text,,,,YES,'pending'::text,,,,
inventory,batches,qc_date,29,date,,,,YES,,,,,
inventory,batches,qc_certificate_number,30,text,,,,YES,,,,,
inventory,batches,qc_performed_by,31,integer,,32,,YES,,,FK,org_users,user_id
inventory,batches,source_type,32,text,,,,NO,,,,,
inventory,batches,source_reference_id,33,integer,,32,,YES,,,,,
inventory,batches,supplier_id,34,integer,,32,,YES,,,FK,suppliers,supplier_id
inventory,batches,weighted_average_cost,35,numeric,,15,4,YES,,,,,
inventory,batches,last_cost_update,36,timestamp with time zone,,,,YES,,,,,
inventory,batches,cost_calculation_method,37,text,,,,YES,'weighted_average'::text,,,,
inventory,batches,batch_status,38,text,,,,YES,'active'::text,,,,
inventory,batches,expiry_status,39,text,,,,YES,,,,,
inventory,batches,recall_status,40,text,,,,YES,,,,,
inventory,batches,recall_date,41,date,,,,YES,,,,,
inventory,batches,recall_reason,42,text,,,,YES,,,,,
inventory,batches,serial_numbers,43,ARRAY,,,,YES,,,,,
inventory,batches,created_at,44,timestamp with time zone,,,,YES,CURRENT_TIMESTAMP,,,,
inventory,batches,updated_at,45,timestamp with time zone,,,,YES,CURRENT_TIMESTAMP,,,,
inventory,batches,created_by,46,integer,,32,,YES,,,FK,org_users,user_id
inventory,batches,last_movement_date,47,timestamp with time zone,,,,YES,,,,,
inventory,batches,pack_size,48,integer,,32,,NO,1,"Physical pack size (e.g., 10, 100, 500)",,,
inventory,batches,pack_type,49,text,,,,NO,'unit'::text,"Pack type (strip, box, bottle, vial, tube, sachet)",,,
inventory,batches,pack_uom,50,text,,,,NO,'UNIT'::text,"Pack unit of measure (STR, BOX, BTL, VL, TB, SAC)",,,
inventory,batches,base_uom,51,text,,,,NO,'UNIT'::text,"Base unit of measure (TAB, ML, GM, UNIT)",,,
inventory,batches,units_per_pack,52,integer,,32,,NO,1,Number of units (tablets/capsules/ml) per package,,,
inventory,batches,packages_per_box,53,integer,,32,,YES,,Number of packages (strips/bottles/vials/boxes) per box,,,
inventory,batches,tablets_per_strip,54,integer,,32,,YES,,DEPRECATED: Use units_per_pack instead. Kept for backward compatibility,,,
inventory,batches,storage_condition,55,text,,,,YES,'room_temp'::text,"Storage requirement (room_temp, cold_storage, freezer)",,,
inventory,batches,storage_location,56,text,,,,YES,,,,,
inventory,batches,quality_status,57,text,,,,YES,'approved'::text,"Quality control status (approved, quarantine, rejected)",,,
inventory,batches,quality_notes,58,text,,,,YES,,,,,
inventory,batches,quantity_allocated,59,numeric,,15,3,YES,0,Quantity allocated to pending orders,,,
inventory,batches,category_name,62,text,,,,YES,,"Actual form of this batch (Tablet, Capsule, Syrup, etc.)",,,
inventory,batches,category_id,63,integer,,32,,YES,,Category reference for reporting consistency,FK,product_categories,category_id
inventory,batches,product_type,64,text,,,,YES,'standard'::text,"Product type classification (standard, kit, service, digital)",,,
inventory,batches,quantity_returned,65,numeric,,18,3,YES,0,,,,
inventory,competitor_pricing,competitor_price_id,1,integer,,32,,NO,nextval('inventory.competitor_pricing_competitor_price_id_seq'::regclass),,PK,,
inventory,competitor_pricing,org_id,2,integer,,32,,NO,,,,,
inventory,competitor_pricing,product_id,3,integer,,32,,YES,,,FK,products,product_id
inventory,competitor_pricing,competitor_name,4,text,,,,NO,,,,,
inventory,competitor_pricing,competitor_price,5,numeric,,12,2,NO,,,,,
inventory,competitor_pricing,competitor_mrp,6,numeric,,12,2,YES,,,,,
inventory,competitor_pricing,data_source,7,text,,,,YES,,,,,
inventory,competitor_pricing,price_comparison,8,jsonb,,,,YES,,,,,
inventory,competitor_pricing,is_active,9,boolean,,,,YES,true,,,,
inventory,competitor_pricing,last_updated,10,timestamp without time zone,,,,YES,CURRENT_TIMESTAMP,,,,
inventory,competitor_pricing,created_at,11,timestamp without time zone,,,,YES,CURRENT_TIMESTAMP,,,,
inventory,inventory_movements,movement_id,1,integer,,32,,NO,nextval('inventory.inventory_movements_movement_id_seq'::regclass),,PK,,
inventory,inventory_movements,org_id,2,uuid,,,,NO,,,,,
inventory,inventory_movements,movement_type,3,text,,,,NO,,,,,
inventory,inventory_movements,movement_date,4,timestamp without time zone,,,,YES,CURRENT_TIMESTAMP,,,,
inventory,inventory_movements,movement_direction,5,text,,,,NO,,,,,
inventory,inventory_movements,product_id,6,integer,,32,,NO,,,,,
inventory,inventory_movements,batch_id,7,integer,,32,,YES,,,,,
inventory,inventory_movements,quantity,8,numeric,,15,3,NO,,,,,
inventory,inventory_movements,pack_type,9,text,,,,YES,,,,,
inventory,inventory_movements,base_quantity,10,numeric,,15,3,YES,,,,,
inventory,inventory_movements,location_id,11,integer,,32,,NO,1,,,,
inventory,inventory_movements,from_location_id,12,integer,,32,,YES,,,,,
inventory,inventory_movements,to_location_id,13,integer,,32,,YES,,,,,
inventory,inventory_movements,unit_cost,14,numeric,,15,4,YES,,,,,
inventory,inventory_movements,total_cost,15,numeric,,15,2,YES,,,,,
inventory,inventory_movements,reference_type,16,text,,,,YES,,,,,
inventory,inventory_movements,reference_id,17,integer,,32,,YES,,,,,
inventory,inventory_movements,reference_number,18,text,,,,YES,,,,,
inventory,inventory_movements,transfer_type,19,text,,,,YES,,,,,
inventory,inventory_movements,transfer_pair_id,20,integer,,32,,YES,,,,,
inventory,inventory_movements,reason,21,text,,,,YES,,,,,
inventory,inventory_movements,notes,22,text,,,,YES,,,,,
inventory,inventory_movements,pack_display_data,23,jsonb,,,,YES,,,,,
inventory,inventory_movements,cost_details,24,jsonb,,,,YES,,,,,
inventory,inventory_movements,created_by,25,integer,,32,,NO,,,,,
inventory,inventory_movements,created_at,26,timestamp without time zone,,,,YES,CURRENT_TIMESTAMP,,,,
inventory,inventory_movements,approved_by,27,integer,,32,,YES,,,,,
inventory,inventory_movements,approved_at,28,timestamp without time zone,,,,YES,,,,,
inventory,location_wise_stock,stock_id,1,integer,,32,,NO,nextval('inventory.location_wise_stock_stock_id_seq'::regclass),,PK,,
inventory,location_wise_stock,product_id,2,integer,,32,,NO,,,FK,products,product_id
inventory,location_wise_stock,batch_id,3,integer,,32,,NO,,,FK,batches,batch_id
inventory,location_wise_stock,location_id,4,integer,,32,,NO,,,FK,storage_locations,location_id
inventory,location_wise_stock,org_id,5,uuid,,,,NO,,,FK,organizations,org_id
inventory,location_wise_stock,quantity_available,6,numeric,,15,3,NO,0,,,,
inventory,location_wise_stock,quantity_reserved,7,numeric,,15,3,YES,0,,,,
inventory,location_wise_stock,quantity_quarantine,8,numeric,,15,3,YES,0,,,,
inventory,location_wise_stock,stock_in_date,9,date,,,,NO,CURRENT_DATE,,,,
inventory,location_wise_stock,unit_cost,10,numeric,,15,4,YES,,,,,
inventory,location_wise_stock,bin_number,11,text,,,,YES,,,,,
inventory,location_wise_stock,pallet_number,12,text,,,,YES,,,,,
inventory,location_wise_stock,stock_status,13,text,,,,YES,'available'::text,,,,
inventory,location_wise_stock,last_movement_date,14,timestamp with time zone,,,,YES,,,,,
inventory,location_wise_stock,last_counted_date,15,date,,,,YES,,,,,
inventory,location_wise_stock,created_at,16,timestamp with time zone,,,,YES,CURRENT_TIMESTAMP,,,,
inventory,location_wise_stock,last_updated,17,timestamp with time zone,,,,YES,CURRENT_TIMESTAMP,,,,
inventory,movement_summary,movement_type,1,text,,,,YES,,,,,
inventory,movement_summary,product_id,2,integer,,32,,YES,,,,,
inventory,movement_summary,quantity,3,numeric,,15,3,YES,,,,,
inventory,movement_summary,movement_date,4,date,,,,YES,,,,,
inventory,movement_summary,document_number,5,text,,,,YES,,,,,
inventory,movement_summary,party_name,6,text,,,,YES,,,,,
inventory,movement_summary,org_id,7,uuid,,,,YES,,,,,
inventory,price_alerts,alert_id,1,integer,,32,,NO,nextval('inventory.price_alerts_alert_id_seq'::regclass),,PK,,
inventory,price_alerts,org_id,2,integer,,32,,NO,,,,,
inventory,price_alerts,product_id,3,integer,,32,,YES,,,FK,products,product_id
inventory,price_alerts,batch_id,4,integer,,32,,YES,,,FK,batches,batch_id
inventory,price_alerts,alert_type,5,text,,,,NO,,,,,
inventory,price_alerts,alert_severity,6,text,,,,YES,,,,,
inventory,price_alerts,current_price,7,numeric,,12,2,YES,,,,,
inventory,price_alerts,average_price,8,numeric,,12,2,YES,,,,,
inventory,price_alerts,competitor_price,9,numeric,,12,2,YES,,,,,
inventory,price_alerts,price_change_percent,10,numeric,,5,2,YES,,,,,
inventory,price_alerts,margin_impact_percent,11,numeric,,5,2,YES,,,,,
inventory,price_alerts,price_volatility,12,numeric,,12,2,YES,,,,,
inventory,price_alerts,price_difference_percent,13,numeric,,5,2,YES,,,,,
inventory,price_alerts,alert_message,14,text,,,,NO,,,,,
inventory,price_alerts,price_data,15,jsonb,,,,YES,,,,,
inventory,price_alerts,price_variance_data,16,jsonb,,,,YES,,,,,
inventory,price_alerts,competitor_data,17,jsonb,,,,YES,,,,,
inventory,price_alerts,acknowledged,18,boolean,,,,YES,false,,,,
inventory,price_alerts,acknowledged_by,19,integer,,32,,YES,,,,,
inventory,price_alerts,acknowledged_at,20,timestamp without time zone,,,,YES,,,,,
inventory,price_alerts,created_at,21,timestamp without time zone,,,,YES,CURRENT_TIMESTAMP,,,,
inventory,price_change_log,log_id,1,integer,,32,,NO,nextval('inventory.price_change_log_log_id_seq'::regclass),,PK,,
inventory,price_change_log,org_id,2,integer,,32,,NO,,,,,
inventory,price_change_log,product_id,3,integer,,32,,YES,,,FK,products,product_id
inventory,price_change_log,batch_id,4,integer,,32,,YES,,,FK,batches,batch_id
inventory,price_change_log,change_type,5,text,,,,NO,,,,,
inventory,price_change_log,old_value,6,numeric,,12,2,YES,,,,,
inventory,price_change_log,new_value,7,numeric,,12,2,YES,,,,,
inventory,price_change_log,change_reason,8,text,,,,YES,,,,,
inventory,price_change_log,changed_by,9,integer,,32,,YES,,,,,
inventory,price_change_log,requires_approval,10,boolean,,,,YES,false,,,,
inventory,price_change_log,approved_by,11,integer,,32,,YES,,,,,
inventory,price_change_log,approved_at,12,timestamp without time zone,,,,YES,,,,,
inventory,price_change_log,created_at,13,timestamp without time zone,,,,YES,CURRENT_TIMESTAMP,,,,
inventory,price_history,history_id,1,integer,,32,,NO,nextval('inventory.price_history_history_id_seq'::regclass),,PK,,
inventory,price_history,org_id,2,integer,,32,,NO,,,,,
inventory,price_history,product_id,3,integer,,32,,YES,,,FK,products,product_id
inventory,price_history,batch_id,4,integer,,32,,YES,,,FK,batches,batch_id
inventory,price_history,price_type,5,text,,,,NO,,,,,
inventory,price_history,old_price,6,numeric,,12,2,YES,,,,,
inventory,price_history,new_price,7,numeric,,12,2,YES,,,,,
inventory,price_history,change_percent,8,numeric,,5,2,YES,,,,,
inventory,price_history,change_reason,9,text,,,,YES,,,,,
inventory,price_history,changed_by,10,integer,,32,,YES,,,,,
inventory,price_history,changed_at,11,timestamp without time zone,,,,YES,CURRENT_TIMESTAMP,,,,
inventory,price_history,source_reference,12,text,,,,YES,,,,,
inventory,product_categories,category_id,1,integer,,32,,NO,nextval('inventory.product_categories_category_id_seq'::regclass),,PK,,
inventory,product_categories,org_id,2,uuid,,,,NO,,,FK,organizations,org_id
inventory,product_categories,parent_category_id,3,integer,,32,,YES,,,FK,product_categories,category_id
inventory,product_categories,category_code,4,text,,,,NO,,,,,
inventory,product_categories,category_name,5,text,,,,NO,,,,,
inventory,product_categories,category_level,6,integer,,32,,NO,1,,,,
inventory,product_categories,category_path,7,text,,,,YES,,,,,
inventory,product_categories,category_type,8,text,,,,YES,'standard'::text,,,,
inventory,product_categories,requires_prescription,9,boolean,,,,YES,false,,,,
inventory,product_categories,requires_license,10,boolean,,,,YES,false,,,,
inventory,product_categories,display_order,11,integer,,32,,YES,,,,,
inventory,product_categories,icon_name,12,text,,,,YES,,,,,
inventory,product_categories,color_code,13,text,,,,YES,,,,,
inventory,product_categories,default_hsn_code,14,text,,,,YES,,,,,
inventory,product_categories,default_gst_rate,15,numeric,,5,2,YES,,,,,
inventory,product_categories,is_active,16,boolean,,,,YES,true,,,,
inventory,product_categories,created_at,17,timestamp with time zone,,,,YES,CURRENT_TIMESTAMP,,,,
inventory,product_categories,updated_at,18,timestamp with time zone,,,,YES,CURRENT_TIMESTAMP,,,,
inventory,product_types,type_id,1,integer,,32,,NO,nextval('inventory.product_types_type_id_seq'::regclass),,PK,,
inventory,product_types,type_code,2,text,,,,NO,,,,,
inventory,product_types,type_name,3,text,,,,NO,,,,,
inventory,product_types,default_base_uom,4,text,,,,NO,,,,,
inventory,product_types,is_liquid,9,boolean,,,,YES,false,,,,
inventory,product_types,is_injectable,10,boolean,,,,YES,false,,,,
inventory,product_types,requires_cold_storage,11,boolean,,,,YES,false,,,,
inventory,product_types,is_active,12,boolean,,,,YES,true,,,,
inventory,products,product_id,1,integer,,32,,NO,nextval('inventory.products_product_id_seq'::regclass),,PK,,
inventory,products,org_id,2,uuid,,,,NO,,,FK,organizations,org_id
inventory,products,product_code,3,text,,,,NO,,,,,
inventory,products,product_name,4,text,,,,NO,,,,,
inventory,products,generic_name,5,text,,,,YES,,,,,
inventory,products,brand,6,text,,,,YES,,,,,
inventory,products,manufacturer,7,text,,,,YES,,,,,
inventory,products,category_id,8,integer,,32,,YES,,Default category for this product (master data),FK,product_categories,category_id
inventory,products,product_type,9,text,,,,NO,'standard'::text,"Business classification: standard, kit, service, digital",,,
inventory,products,product_class,10,text,,,,YES,'medicine'::text,"Industry classification: medicine, surgical, cosmetic, ayurvedic",,,
inventory,products,composition,11,jsonb,,,,YES,,,,,
inventory,products,strength,12,text,,,,YES,,,,,
inventory,products,hsn_code,13,text,,,,YES,,,,,
inventory,products,drug_schedule,14,text,,,,YES,,,,,
inventory,products,requires_prescription,15,boolean,,,,YES,false,,,,
inventory,products,is_narcotic,16,boolean,,,,YES,false,,,,
inventory,products,is_controlled_substance,17,boolean,,,,YES,false,,,,
inventory,products,barcode,18,text,,,,YES,,,,,
inventory,products,manufacturer_code,19,text,,,,YES,,,,,
inventory,products,gst_percent,22,numeric,,5,2,YES,0,,,,
inventory,products,cess_percentage,23,numeric,,5,2,YES,0,,,,
inventory,products,maintain_batch,26,boolean,,,,YES,true,,,,
inventory,products,maintain_expiry,27,boolean,,,,YES,true,,,,
inventory,products,allow_negative_stock,28,boolean,,,,YES,false,,,,
inventory,products,min_stock_quantity,29,numeric,,15,3,YES,,,,,
inventory,products,reorder_level,30,numeric,,15,3,YES,,,,,
inventory,products,reorder_quantity,31,numeric,,15,3,YES,,,,,
inventory,products,max_stock_quantity,32,numeric,,15,3,YES,,,,,
inventory,products,critical_stock_level,33,numeric,,15,3,YES,,,,,
inventory,products,product_status,34,text,,,,YES,'active'::text,,,,
inventory,products,launch_date,35,date,,,,YES,,,,,
inventory,products,discontinuation_date,36,date,,,,YES,,,,,
inventory,products,search_keywords,37,ARRAY,,,,YES,,,,,
inventory,products,tags,38,ARRAY,,,,YES,,,,,
inventory,products,product_images,39,jsonb,,,,YES,'[]'::jsonb,,,,
inventory,products,documents,40,jsonb,,,,YES,'[]'::jsonb,,,,
inventory,products,is_active,41,boolean,,,,YES,true,,,,
inventory,products,is_saleable,42,boolean,,,,YES,true,,,,
inventory,products,is_purchasable,43,boolean,,,,YES,true,,,,
inventory,products,created_at,44,timestamp with time zone,,,,YES,CURRENT_TIMESTAMP,,,,
inventory,products,updated_at,45,timestamp with time zone,,,,YES,CURRENT_TIMESTAMP,,,,
inventory,products,created_by,46,integer,,32,,YES,,,FK,org_users,user_id
inventory,products,type_id,54,integer,,32,,YES,,,FK,product_types,type_id
inventory,products,quantity_returned,55,numeric,,18,3,YES,0,,,,
inventory,reorder_suggestions,suggestion_id,1,integer,,32,,NO,nextval('inventory.reorder_suggestions_suggestion_id_seq'::regclass),,PK,,
inventory,reorder_suggestions,org_id,2,uuid,,,,NO,,,FK,organizations,org_id
inventory,reorder_suggestions,product_id,3,integer,,32,,NO,,,FK,products,product_id
inventory,reorder_suggestions,current_stock,4,numeric,,15,3,NO,,,,,
inventory,reorder_suggestions,reserved_stock,5,numeric,,15,3,YES,0,,,,
inventory,reorder_suggestions,available_stock,6,numeric,,15,3,YES,,,,,
inventory,reorder_suggestions,reorder_level,7,numeric,,15,3,YES,,,,,
inventory,reorder_suggestions,min_stock_level,8,numeric,,15,3,YES,,,,,
inventory,reorder_suggestions,suggested_quantity,9,numeric,,15,3,NO,,,,,
inventory,reorder_suggestions,average_daily_consumption,10,numeric,,15,3,YES,,,,,
inventory,reorder_suggestions,lead_time_days,11,integer,,32,,YES,,,,,
inventory,reorder_suggestions,safety_stock_days,12,integer,,32,,YES,,,,,
inventory,reorder_suggestions,preferred_supplier_id,13,integer,,32,,YES,,,FK,suppliers,supplier_id
inventory,reorder_suggestions,last_purchase_price,14,numeric,,15,2,YES,,,,,
inventory,reorder_suggestions,last_purchase_date,15,date,,,,YES,,,,,
inventory,reorder_suggestions,urgency,16,text,,,,NO,,,,,
inventory,reorder_suggestions,suggested_order_date,17,date,,,,YES,,,,,
inventory,reorder_suggestions,suggestion_status,18,text,,,,YES,'pending'::text,,,,
inventory,reorder_suggestions,action_taken,19,text,,,,YES,,,,,
inventory,reorder_suggestions,action_taken_by,20,integer,,32,,YES,,,FK,org_users,user_id
inventory,reorder_suggestions,action_taken_at,21,timestamp with time zone,,,,YES,,,,,
inventory,reorder_suggestions,created_at,22,timestamp with time zone,,,,YES,CURRENT_TIMESTAMP,,,,
inventory,reorder_suggestions,updated_at,23,timestamp with time zone,,,,YES,CURRENT_TIMESTAMP,,,,
inventory,stock_reservations,reservation_id,1,integer,,32,,NO,nextval('inventory.stock_reservations_reservation_id_seq'::regclass),,PK,,
inventory,stock_reservations,org_id,2,uuid,,,,NO,,,FK,organizations,org_id
inventory,stock_reservations,product_id,3,integer,,32,,NO,,,FK,products,product_id
inventory,stock_reservations,batch_id,4,integer,,32,,YES,,,FK,batches,batch_id
inventory,stock_reservations,location_id,5,integer,,32,,NO,,,FK,storage_locations,location_id
inventory,stock_reservations,reserved_quantity,6,numeric,,15,3,NO,,,,,
inventory,stock_reservations,fulfilled_quantity,7,numeric,,15,3,YES,0,,,,
inventory,stock_reservations,reference_type,8,text,,,,NO,,,,,
inventory,stock_reservations,reference_id,9,integer,,32,,NO,,,,,
inventory,stock_reservations,reservation_date,10,timestamp with time zone,,,,YES,CURRENT_TIMESTAMP,,,,
inventory,stock_reservations,expires_at,11,timestamp with time zone,,,,YES,,,,,
inventory,stock_reservations,priority,12,integer,,32,,YES,5,,,,
inventory,stock_reservations,reservation_status,13,text,,,,YES,'active'::text,,,,
inventory,stock_reservations,reserved_by,14,integer,,32,,NO,,,FK,org_users,user_id
inventory,stock_reservations,created_at,15,timestamp with time zone,,,,YES,CURRENT_TIMESTAMP,,,,
inventory,stock_transfer_items,transfer_item_id,1,integer,,32,,NO,nextval('inventory.stock_transfer_items_transfer_item_id_seq'::regclass),,PK,,
inventory,stock_transfer_items,transfer_id,2,integer,,32,,NO,,,FK,stock_transfers,transfer_id
inventory,stock_transfer_items,product_id,3,integer,,32,,NO,,,FK,products,product_id
inventory,stock_transfer_items,batch_id,4,integer,,32,,YES,,,FK,batches,batch_id
inventory,stock_transfer_items,requested_quantity,5,numeric,,15,3,NO,,,,,
inventory,stock_transfer_items,approved_quantity,6,numeric,,15,3,YES,,,,,
inventory,stock_transfer_items,dispatched_quantity,7,numeric,,15,3,YES,,,,,
inventory,stock_transfer_items,received_quantity,8,numeric,,15,3,YES,,,,,
inventory,stock_transfer_items,pack_type,9,text,,,,NO,,,,,
inventory,stock_transfer_items,pack_size,10,integer,,32,,YES,,,,,
inventory,stock_transfer_items,shortage_quantity,11,numeric,,15,3,YES,,,,,
inventory,stock_transfer_items,damage_quantity,12,numeric,,15,3,YES,,,,,
inventory,stock_transfer_items,discrepancy_reason,13,text,,,,YES,,,,,
inventory,stock_transfer_items,item_status,14,text,,,,YES,'pending'::text,,,,
inventory,stock_transfer_items,dispatch_notes,15,text,,,,YES,,,,,
inventory,stock_transfer_items,receipt_notes,16,text,,,,YES,,,,,
inventory,stock_transfer_items,created_at,17,timestamp with time zone,,,,YES,CURRENT_TIMESTAMP,,,,
inventory,stock_transfers,transfer_id,1,integer,,32,,NO,nextval('inventory.stock_transfers_transfer_id_seq'::regclass),,PK,,
inventory,stock_transfers,org_id,2,uuid,,,,NO,,,FK,organizations,org_id
inventory,stock_transfers,transfer_number,3,text,,,,NO,,,,,
inventory,stock_transfers,transfer_date,4,date,,,,NO,,,,,
inventory,stock_transfers,transfer_type,5,text,,,,NO,,,,,
inventory,stock_transfers,from_branch_id,6,integer,,32,,YES,,,FK,org_branches,branch_id
inventory,stock_transfers,to_branch_id,7,integer,,32,,YES,,,FK,org_branches,branch_id
inventory,stock_transfers,from_location_id,8,integer,,32,,NO,,,FK,storage_locations,location_id
inventory,stock_transfers,to_location_id,9,integer,,32,,NO,,,FK,storage_locations,location_id
inventory,stock_transfers,transfer_reason,10,text,,,,NO,,,,,
inventory,stock_transfers,priority,11,text,,,,YES,'normal'::text,,,,
inventory,stock_transfers,expected_dispatch_date,12,date,,,,YES,,,,,
inventory,stock_transfers,expected_delivery_date,13,date,,,,YES,,,,,
inventory,stock_transfers,actual_dispatch_date,14,date,,,,YES,,,,,
inventory,stock_transfers,actual_delivery_date,15,date,,,,YES,,,,,
inventory,stock_transfers,transport_mode,16,text,,,,YES,,,,,
inventory,stock_transfers,transporter_name,17,text,,,,YES,,,,,
inventory,stock_transfers,vehicle_number,18,text,,,,YES,,,,,
inventory,stock_transfers,lr_number,19,text,,,,YES,,,,,
inventory,stock_transfers,lr_date,20,date,,,,YES,,,,,
inventory,stock_transfers,transfer_status,21,text,,,,YES,'draft'::text,,,,
inventory,stock_transfers,requested_by,22,integer,,32,,NO,,,FK,org_users,user_id
inventory,stock_transfers,approved_by,23,integer,,32,,YES,,,FK,org_users,user_id
inventory,stock_transfers,approved_at,24,timestamp with time zone,,,,YES,,,,,
inventory,stock_transfers,received_by,25,integer,,32,,YES,,,FK,org_users,user_id
inventory,stock_transfers,received_at,26,timestamp with time zone,,,,YES,,,,,
inventory,stock_transfers,documents,27,jsonb,,,,YES,'[]'::jsonb,,,,
inventory,stock_transfers,created_at,28,timestamp with time zone,,,,YES,CURRENT_TIMESTAMP,,,,
inventory,stock_transfers,updated_at,29,timestamp with time zone,,,,YES,CURRENT_TIMESTAMP,,,,
inventory,storage_locations,location_id,1,integer,,32,,NO,nextval('inventory.storage_locations_location_id_seq'::regclass),,PK,,
inventory,storage_locations,org_id,2,uuid,,,,NO,,,FK,organizations,org_id
inventory,storage_locations,branch_id,3,integer,,32,,NO,,,FK,org_branches,branch_id
inventory,storage_locations,parent_location_id,4,integer,,32,,YES,,,FK,storage_locations,location_id
inventory,storage_locations,location_code,5,text,,,,NO,,,,,
inventory,storage_locations,location_name,6,text,,,,NO,,,,,
inventory,storage_locations,location_type,7,text,,,,NO,,,,,
inventory,storage_locations,location_path,8,text,,,,YES,,,,,
inventory,storage_locations,storage_capacity,9,jsonb,,,,YES,,,,,
inventory,storage_locations,dimensions,10,jsonb,,,,YES,,,,,
inventory,storage_locations,temperature_controlled,11,boolean,,,,YES,false,,,,
inventory,storage_locations,temperature_range,12,jsonb,,,,YES,,,,,
inventory,storage_locations,humidity_controlled,13,boolean,,,,YES,false,,,,
inventory,storage_locations,humidity_range,14,jsonb,,,,YES,,,,,
inventory,storage_locations,restricted_access,15,boolean,,,,YES,false,,,,
inventory,storage_locations,allowed_product_categories,16,ARRAY,,,,YES,,,,,
inventory,storage_locations,storage_class,17,text,,,,YES,,,,,
inventory,storage_locations,is_active,18,boolean,,,,YES,true,,,,
inventory,storage_locations,is_full,19,boolean,,,,YES,false,,,,
inventory,storage_locations,created_at,20,timestamp with time zone,,,,YES,CURRENT_TIMESTAMP,,,,
inventory,storage_locations,updated_at,21,timestamp with time zone,,,,YES,CURRENT_TIMESTAMP,,,,
inventory,units_of_measure,uom_id,1,integer,,32,,NO,nextval('inventory.units_of_measure_uom_id_seq'::regclass),,PK,,
inventory,units_of_measure,org_id,2,uuid,,,,NO,,,FK,organizations,org_id
inventory,units_of_measure,uom_code,3,text,,,,NO,,,,,
inventory,units_of_measure,uom_name,4,text,,,,NO,,,,,
inventory,units_of_measure,uom_type,5,text,,,,NO,,,,,
inventory,units_of_measure,base_uom_code,6,text,,,,YES,,,,,
inventory,units_of_measure,conversion_factor,7,numeric,,15,6,YES,1,,,,
inventory,units_of_measure,symbol,8,text,,,,YES,,,,,
inventory,units_of_measure,decimal_places,9,integer,,32,,YES,0,,,,
inventory,units_of_measure,is_active,10,boolean,,,,YES,true,,,,
inventory,units_of_measure,created_at,11,timestamp with time zone,,,,YES,CURRENT_TIMESTAMP,,,,
sales,credit_note_applications,application_id,1,integer,,32,,NO,nextval('sales.credit_note_applications_application_id_seq'::regclass),,PK,,
sales,credit_note_applications,credit_note_id,2,integer,,32,,NO,,,FK,credit_notes,credit_note_id
sales,credit_note_applications,invoice_id,3,integer,,32,,NO,,,FK,invoices,invoice_id
sales,credit_note_applications,applied_amount,4,numeric,,15,2,NO,,,,,
sales,credit_note_applications,application_date,5,date,,,,NO,CURRENT_DATE,,,,
sales,credit_note_applications,created_by,6,integer,,32,,NO,,,FK,org_users,user_id
sales,credit_note_applications,created_at,7,timestamp with time zone,,,,YES,CURRENT_TIMESTAMP,,,,
sales,credit_notes,credit_note_id,1,integer,,32,,NO,nextval('sales.credit_notes_credit_note_id_seq'::regclass),,PK,,
sales,credit_notes,org_id,2,uuid,,,,NO,,,FK,organizations,org_id
sales,credit_notes,branch_id,3,integer,,32,,NO,,,FK,org_branches,branch_id
sales,credit_notes,credit_note_number,4,text,,,,NO,,,,,
sales,credit_notes,credit_note_date,5,date,,,,NO,CURRENT_DATE,,,,
sales,credit_notes,customer_id,6,integer,,32,,NO,,,FK,customers,customer_id
sales,credit_notes,reference_type,7,text,,,,YES,,,,,
sales,credit_notes,reference_id,8,integer,,32,,YES,,,,,
sales,credit_notes,reference_number,9,text,,,,YES,,,,,
sales,credit_notes,credit_amount,10,numeric,,15,2,NO,,,,,
sales,credit_notes,tax_amount,11,numeric,,15,2,YES,0,,,,
sales,credit_notes,total_amount,12,numeric,,15,2,NO,,,,,
sales,credit_notes,reason_code,13,text,,,,NO,,,,,
sales,credit_notes,reason,14,text,,,,NO,,,,,
sales,credit_notes,notes,15,text,,,,YES,,,,,
sales,credit_notes,is_gst_applicable,16,boolean,,,,YES,true,,,,
sales,credit_notes,cgst_amount,17,numeric,,15,2,YES,0,,,,
sales,credit_notes,sgst_amount,18,numeric,,15,2,YES,0,,,,
sales,credit_notes,igst_amount,19,numeric,,15,2,YES,0,,,,
sales,credit_notes,status,20,text,,,,YES,'draft'::text,,,,
sales,credit_notes,approved_by,21,integer,,32,,YES,,,FK,org_users,user_id
sales,credit_notes,approved_date,22,timestamp with time zone,,,,YES,,,,,
sales,credit_notes,applied_amount,23,numeric,,15,2,YES,0,,,,
sales,credit_notes,remaining_amount,24,numeric,,15,2,YES,,Auto-calculated: total_amount - applied_amount,,,
sales,credit_notes,items_detail,25,jsonb,,,,YES,,,,,
sales,credit_notes,created_by,26,integer,,32,,NO,,,FK,org_users,user_id
sales,credit_notes,created_at,27,timestamp with time zone,,,,YES,CURRENT_TIMESTAMP,,,,
sales,credit_notes,updated_at,28,timestamp with time zone,,,,YES,CURRENT_TIMESTAMP,,,,
sales,customer_visits,visit_id,1,integer,,32,,NO,nextval('sales.customer_visits_visit_id_seq'::regclass),,PK,,
sales,customer_visits,org_id,2,uuid,,,,NO,,,FK,organizations,org_id
sales,customer_visits,visit_date,3,date,,,,NO,,,,,
sales,customer_visits,visit_time,4,time without time zone,,,,YES,,,,,
sales,customer_visits,customer_id,5,integer,,32,,NO,,,FK,customers,customer_id
sales,customer_visits,visited_by,6,integer,,32,,NO,,,FK,org_users,user_id
sales,customer_visits,route_id,7,integer,,32,,YES,,,FK,routes,route_id
sales,customer_visits,visit_purpose,8,text,,,,NO,,,,,
sales,customer_visits,visit_outcome,9,text,,,,YES,,,,,
sales,customer_visits,order_id,10,integer,,32,,YES,,,FK,orders,order_id
sales,customer_visits,collection_amount,11,numeric,,15,2,YES,,,,,
sales,customer_visits,check_in_time,12,timestamp with time zone,,,,YES,,,,,
sales,customer_visits,check_out_time,13,timestamp with time zone,,,,YES,,,,,
sales,customer_visits,visit_location,14,jsonb,,,,YES,,,,,
sales,customer_visits,visit_notes,15,text,,,,YES,,,,,
sales,customer_visits,follow_up_required,16,boolean,,,,YES,false,,,,
sales,customer_visits,follow_up_date,17,date,,,,YES,,,,,
sales,customer_visits,follow_up_notes,18,text,,,,YES,,,,,
sales,customer_visits,visit_photos,19,jsonb,,,,YES,'[]'::jsonb,,,,
sales,customer_visits,visit_status,20,text,,,,YES,'completed'::text,,,,
sales,customer_visits,created_at,21,timestamp with time zone,,,,YES,CURRENT_TIMESTAMP,,,,
sales,customer_visits,updated_at,22,timestamp with time zone,,,,YES,CURRENT_TIMESTAMP,,,,
sales,debit_notes,debit_note_id,1,integer,,32,,NO,nextval('sales.debit_notes_debit_note_id_seq'::regclass),,PK,,
sales,debit_notes,org_id,2,uuid,,,,NO,,,FK,organizations,org_id
sales,debit_notes,branch_id,3,integer,,32,,NO,,,FK,org_branches,branch_id
sales,debit_notes,debit_note_number,4,text,,,,NO,,,,,
sales,debit_notes,debit_note_date,5,date,,,,NO,CURRENT_DATE,,,,
sales,debit_notes,customer_id,6,integer,,32,,NO,,,FK,customers,customer_id
sales,debit_notes,reference_type,7,text,,,,YES,,,,,
sales,debit_notes,reference_id,8,integer,,32,,YES,,,,,
sales,debit_notes,reference_number,9,text,,,,YES,,,,,
sales,debit_notes,debit_amount,10,numeric,,15,2,NO,,,,,
sales,debit_notes,tax_amount,11,numeric,,15,2,YES,0,,,,
sales,debit_notes,total_amount,12,numeric,,15,2,NO,,,,,
sales,debit_notes,reason_code,13,text,,,,NO,,,,,
sales,debit_notes,reason,14,text,,,,NO,,,,,
sales,debit_notes,notes,15,text,,,,YES,,,,,
sales,debit_notes,is_gst_applicable,16,boolean,,,,YES,true,,,,
sales,debit_notes,cgst_amount,17,numeric,,15,2,YES,0,,,,
sales,debit_notes,sgst_amount,18,numeric,,15,2,YES,0,,,,
sales,debit_notes,igst_amount,19,numeric,,15,2,YES,0,,,,
sales,debit_notes,status,20,text,,,,YES,'draft'::text,,,,
sales,debit_notes,approved_by,21,integer,,32,,YES,,,FK,org_users,user_id
sales,debit_notes,approved_date,22,timestamp with time zone,,,,YES,,,,,
sales,debit_notes,paid_amount,23,numeric,,15,2,YES,0,,,,
sales,debit_notes,payment_status,24,text,,,,YES,,Auto-calculated based on paid_amount vs total_amount,,,
sales,debit_notes,items_detail,25,jsonb,,,,YES,,,,,
sales,debit_notes,created_by,26,integer,,32,,NO,,,FK,org_users,user_id
sales,debit_notes,created_at,27,timestamp with time zone,,,,YES,CURRENT_TIMESTAMP,,,,
sales,debit_notes,updated_at,28,timestamp with time zone,,,,YES,CURRENT_TIMESTAMP,,,,
sales,delivery_challan_items,challan_item_id,1,integer,,32,,NO,nextval('sales.delivery_challan_items_challan_item_id_seq'::regclass),,PK,,
sales,delivery_challan_items,challan_id,2,integer,,32,,NO,,,FK,delivery_challans,challan_id
sales,delivery_challan_items,order_item_id,3,integer,,32,,YES,,,FK,order_items,order_item_id
sales,delivery_challan_items,product_id,4,integer,,32,,NO,,,FK,products,product_id
sales,delivery_challan_items,batch_id,5,integer,,32,,YES,,,,,
sales,delivery_challan_items,ordered_quantity,6,numeric,,15,3,YES,,,,,
sales,delivery_challan_items,dispatched_quantity,7,numeric,,15,3,NO,,,,,
sales,delivery_challan_items,delivered_quantity,8,numeric,,15,3,YES,,,,,
sales,delivery_challan_items,returned_quantity,9,numeric,,15,3,YES,0,,,,
sales,delivery_challan_items,damaged_quantity,10,numeric,,15,3,YES,0,,,,
sales,delivery_challan_items,uom,11,text,,,,NO,,,,,
sales,delivery_challan_items,pack_type,12,text,,,,NO,,,,,
sales,delivery_challan_items,item_status,13,text,,,,YES,'dispatched'::text,,,,
sales,delivery_challan_items,item_notes,14,text,,,,YES,,,,,
sales,delivery_challan_items,display_order,15,integer,,32,,YES,,,,,
sales,delivery_challan_items,created_at,16,timestamp with time zone,,,,YES,CURRENT_TIMESTAMP,,,,
sales,delivery_challan_items,unit_price,17,numeric,,15,2,YES,0,,,,
sales,delivery_challans,challan_id,1,integer,,32,,NO,nextval('sales.delivery_challans_challan_id_seq'::regclass),,PK,,
sales,delivery_challans,org_id,2,uuid,,,,NO,,,FK,organizations,org_id
sales,delivery_challans,branch_id,3,integer,,32,,NO,,,FK,org_branches,branch_id
sales,delivery_challans,challan_number,4,text,,,,NO,,,,,
sales,delivery_challans,challan_date,5,date,,,,NO,CURRENT_DATE,,,,
sales,delivery_challans,challan_type,6,text,,,,YES,'delivery'::text,,,,
sales,delivery_challans,order_id,7,integer,,32,,YES,,Optional link to order - challans can exist independently,FK,orders,order_id
sales,delivery_challans,invoice_id,8,integer,,32,,YES,,,FK,invoices,invoice_id
sales,delivery_challans,customer_id,9,integer,,32,,NO,,,FK,customers,customer_id
sales,delivery_challans,delivery_address_id,10,integer,,32,,YES,,,FK,addresses,address_id
sales,delivery_challans,dispatch_date,11,date,,,,YES,,,,,
sales,delivery_challans,dispatch_time,12,time without time zone,,,,YES,,,,,
sales,delivery_challans,dispatch_address_id,13,integer,,32,,YES,,,FK,addresses,address_id
sales,delivery_challans,transport_mode,14,text,,,,YES,,,,,
sales,delivery_challans,transporter_name,15,text,,,,YES,,,,,
sales,delivery_challans,vehicle_number,16,text,,,,YES,,,,,
sales,delivery_challans,lr_number,17,text,,,,YES,,,,,
sales,delivery_challans,lr_date,18,date,,,,YES,,,,,
sales,delivery_challans,freight_charges,19,numeric,,15,2,YES,,Freight/delivery charges,,,
sales,delivery_challans,eway_bill_required,20,boolean,,,,YES,false,,,,
sales,delivery_challans,eway_bill_number,21,text,,,,YES,,,,,
sales,delivery_challans,eway_bill_date,22,date,,,,YES,,,,,
sales,delivery_challans,eway_bill_validity_days,23,integer,,32,,YES,,,,,
sales,delivery_challans,eway_bill_data,24,jsonb,,,,YES,,,,,
sales,delivery_challans,total_quantity,25,numeric,,15,3,YES,,,,,
sales,delivery_challans,total_amount,26,numeric,,15,2,YES,,,,,
sales,delivery_challans,challan_status,27,text,,,,YES,'draft'::text,,,,
sales,delivery_challans,delivery_status,28,text,,,,YES,'pending'::text,,,,
sales,delivery_challans,delivered_date,29,date,,,,YES,,,,,
sales,delivery_challans,delivered_time,30,time without time zone,,,,YES,,,,,
sales,delivery_challans,received_by,31,text,,,,YES,,,,,
sales,delivery_challans,delivery_notes,32,text,,,,YES,,,,,
sales,delivery_challans,pod_document,33,text,,,,YES,,,,,
sales,delivery_challans,is_returnable,34,boolean,,,,YES,false,,,,
sales,delivery_challans,return_by_date,35,date,,,,YES,,,,,
sales,delivery_challans,return_status,36,text,,,,YES,,,,,
sales,delivery_challans,notes,37,text,,,,YES,,,,,
sales,delivery_challans,internal_notes,38,text,,,,YES,,,,,
sales,delivery_challans,created_at,39,timestamp with time zone,,,,YES,CURRENT_TIMESTAMP,,,,
sales,delivery_challans,updated_at,40,timestamp with time zone,,,,YES,CURRENT_TIMESTAMP,,,,
sales,delivery_challans,created_by,41,integer,,32,,NO,,,FK,org_users,user_id
sales,delivery_challans,taxable_amount,42,numeric,,15,2,YES,0,Sum of item quantities × unit prices before tax,,,
sales,delivery_challans,gst_amount,43,numeric,,15,2,YES,0,Total GST/tax amount on the challan,,,
sales,delivery_tracking,tracking_id,1,integer,,32,,NO,nextval('sales.delivery_tracking_tracking_id_seq'::regclass),,PK,,
sales,delivery_tracking,challan_id,2,integer,,32,,NO,,,,,
sales,delivery_tracking,status,3,text,,,,NO,,,,,
sales,delivery_tracking,location,4,text,,,,YES,,,,,
sales,delivery_tracking,timestamp,5,timestamp with time zone,,,,NO,,,,,
sales,delivery_tracking,gps_latitude,6,numeric,,10,7,YES,,,,,
sales,delivery_tracking,gps_longitude,7,numeric,,10,7,YES,,,,,
sales,delivery_tracking,notes,8,text,,,,YES,,,,,
sales,delivery_tracking,updated_by,9,text,,,,YES,,,,,
sales,delivery_tracking,created_at,10,timestamp with time zone,,,,YES,CURRENT_TIMESTAMP,,,,
sales,eway_bills,eway_bill_id,1,integer,,32,,NO,nextval('sales.eway_bills_eway_bill_id_seq'::regclass),,PK,,
sales,eway_bills,challan_id,2,integer,,32,,YES,,,,,
sales,eway_bills,eway_bill_number,3,text,,,,NO,,,,,
sales,eway_bills,supply_type,4,text,,,,NO,,,,,
sales,eway_bills,sub_type,5,text,,,,NO,,,,,
sales,eway_bills,document_type,6,text,,,,NO,,,,,
sales,eway_bills,document_number,7,text,,,,NO,,,,,
sales,eway_bills,document_date,8,date,,,,NO,,,,,
sales,eway_bills,from_gstin,9,text,,,,YES,,,,,
sales,eway_bills,to_gstin,10,text,,,,YES,,,,,
sales,eway_bills,transport_mode,11,text,,,,NO,,,,,
sales,eway_bills,transport_distance,12,integer,,32,,YES,,,,,
sales,eway_bills,transporter_name,13,text,,,,YES,,,,,
sales,eway_bills,transporter_id,14,text,,,,YES,,,,,
sales,eway_bills,vehicle_number,15,text,,,,YES,,,,,
sales,eway_bills,valid_until,16,timestamp with time zone,,,,NO,,,,,
sales,eway_bills,status,17,text,,,,NO,'active'::text,,,,
sales,eway_bills,generated_date,18,timestamp with time zone,,,,YES,CURRENT_TIMESTAMP,,,,
sales,invoice_items,invoice_item_id,1,integer,,32,,NO,nextval('sales.invoice_items_invoice_item_id_seq'::regclass),,PK,,
sales,invoice_items,invoice_id,2,integer,,32,,NO,,,FK,invoices,invoice_id
sales,invoice_items,invoice_id,2,integer,,32,,NO,,,FK,invoices,invoice_id
sales,invoice_items,order_item_id,3,integer,,32,,YES,,,FK,order_items,order_item_id
sales,invoice_items,product_id,4,integer,,32,,NO,,,FK,products,product_id
sales,invoice_items,product_id,4,integer,,32,,NO,,,FK,products,product_id
sales,invoice_items,product_name,5,text,,,,NO,,,,,
sales,invoice_items,product_description,6,text,,,,YES,,,,,
sales,invoice_items,hsn_code,7,text,,,,YES,,,,,
sales,invoice_items,batch_id,8,integer,,32,,YES,,,,,
sales,invoice_items,batch_number,9,text,,,,YES,,,,,
sales,invoice_items,manufacturing_date,10,date,,,,YES,,,,,
sales,invoice_items,expiry_date,11,date,,,,YES,,,,,
sales,invoice_items,quantity,12,numeric,,15,3,NO,,Total items delivered (base + free). Used for inventory deduction and logistics.,,,
sales,invoice_items,uom,13,text,,,,NO,,,,,
sales,invoice_items,pack_type,14,text,,,,NO,,,,,
sales,invoice_items,pack_size,15,integer,,32,,YES,,,,,
sales,invoice_items,base_quantity,16,numeric,,15,3,YES,,Billable quantity (what customer pays for). Used for all revenue calculations.,,,
sales,invoice_items,mrp,17,numeric,,15,2,YES,,,,,
sales,invoice_items,unit_price,18,numeric,,15,4,NO,,,,,
sales,invoice_items,discount_percent,19,numeric,,5,2,YES,0,,,,
sales,invoice_items,discount_amount,20,numeric,,15,2,YES,0,,,,
sales,invoice_items,taxable_amount,21,numeric,,15,2,YES,,,,,
sales,invoice_items,igst_rate,22,numeric,,5,2,YES,0,,,,
sales,invoice_items,igst_amount,23,numeric,,15,2,YES,0,,,,
sales,invoice_items,cgst_rate,24,numeric,,5,2,YES,0,,,,
sales,invoice_items,cgst_amount,25,numeric,,15,2,YES,0,,,,
sales,invoice_items,sgst_rate,26,numeric,,5,2,YES,0,,,,
sales,invoice_items,sgst_amount,27,numeric,,15,2,YES,0,,,,
sales,invoice_items,cess_rate,28,numeric,,5,2,YES,0,,,,
sales,invoice_items,cess_amount,29,numeric,,15,2,YES,0,,,,
sales,invoice_items,total_tax_amount,30,numeric,,15,2,YES,0,,,,
sales,invoice_items,line_total,31,numeric,,15,2,NO,,,,,
sales,invoice_items,is_free_item,32,boolean,,,,YES,false,,,,
sales,invoice_items,display_order,33,integer,,32,,YES,,,,,
sales,invoice_items,created_at,34,timestamp with time zone,,,,YES,CURRENT_TIMESTAMP,,,,
sales,invoice_items,free_quantity,35,numeric,,15,3,YES,0,Promotional/free quantity given. Used for analytics and promotional tracking.,,,
sales,invoice_items,item_id,36,integer,,32,,NO,nextval('sales.invoice_items_item_id_seq'::regclass),,,,
sales,invoice_items,quantity_returned,37,numeric,,18,3,YES,0,,,,
sales,invoice_return_status,invoice_id,1,integer,,32,,YES,,,,,
sales,invoice_return_status,invoice_number,2,text,,,,YES,,,,,
sales,invoice_return_status,invoice_amount,3,numeric,,15,2,YES,,,,,
sales,invoice_return_status,return_count,4,bigint,,64,,YES,,,,,
sales,invoice_return_status,total_returned_amount,5,numeric,,,,YES,,,,,
sales,invoice_return_status,return_status,6,text,,,,YES,,,,,
sales,invoices,invoice_id,1,integer,,32,,NO,nextval('sales.invoices_invoice_id_seq'::regclass),,PK,,
sales,invoices,org_id,2,uuid,,,,NO,,,FK,organizations,org_id
sales,invoices,branch_id,3,integer,,32,,NO,,,FK,org_branches,branch_id
sales,invoices,invoice_number,4,text,,,,NO,,,,,
sales,invoices,invoice_date,5,date,,,,NO,CURRENT_DATE,,,,
sales,invoices,invoice_type,6,text,,,,YES,'tax_invoice'::text,,,,
sales,invoices,order_id,7,integer,,32,,YES,,,FK,orders,order_id
sales,invoices,challan_ids,8,ARRAY,,,,YES,,,,,
sales,invoices,customer_id,9,integer,,32,,NO,,,FK,customers,customer_id
sales,invoices,customer_name,10,text,,,,NO,,,,,
sales,invoices,billing_address_id,11,integer,,32,,YES,,,FK,addresses,address_id
sales,invoices,shipping_address_id,12,integer,,32,,YES,,,FK,addresses,address_id
sales,invoices,place_of_supply,13,text,,,,YES,,,,,
sales,invoices,reverse_charge,14,boolean,,,,YES,false,,,,
sales,invoices,subtotal_amount,15,numeric,,15,2,YES,0,,,,
sales,invoices,discount_amount,16,numeric,,15,2,YES,0,,,,
sales,invoices,scheme_discount,17,numeric,,15,2,YES,0,,,,
sales,invoices,taxable_amount,18,numeric,,15,2,YES,0,,,,
sales,invoices,igst_amount,19,numeric,,15,2,YES,0,,,,
sales,invoices,cgst_amount,20,numeric,,15,2,YES,0,,,,
sales,invoices,sgst_amount,21,numeric,,15,2,YES,0,,,,
sales,invoices,cess_amount,22,numeric,,15,2,YES,0,,,,
sales,invoices,total_tax_amount,23,numeric,,15,2,YES,0,,,,
sales,invoices,freight_charges,24,numeric,,15,2,YES,0,,,,
sales,invoices,insurance_charges,25,numeric,,15,2,YES,0,,,,
sales,invoices,other_charges,26,numeric,,15,2,YES,0,,,,
sales,invoices,round_off_amount,27,numeric,,5,2,YES,0,,,,
sales,invoices,final_amount,28,numeric,,15,2,YES,0,,,,
sales,invoices,amount_in_words,29,text,,,,YES,,,,,
sales,invoices,payment_terms,30,text,,,,YES,,,,,
sales,invoices,due_date,31,date,,,,YES,,,,,
sales,invoices,payment_status,32,text,,,,YES,'pending'::text,,,,
sales,invoices,paid_amount,33,numeric,,15,2,YES,0,,,,
sales,invoices,einvoice_required,34,boolean,,,,YES,false,,,,
sales,invoices,irn,35,text,,,,YES,,,,,
sales,invoices,irn_generated_date,36,timestamp with time zone,,,,YES,,,,,
sales,invoices,qr_code,37,text,,,,YES,,,,,
sales,invoices,ack_number,38,text,,,,YES,,,,,
sales,invoices,ack_date,39,timestamp with time zone,,,,YES,,,,,
sales,invoices,invoice_status,40,text,,,,YES,'draft'::text,,,,
sales,invoices,cancellation_reason,41,text,,,,YES,,,,,
sales,invoices,cancelled_date,42,date,,,,YES,,,,,
sales,invoices,notes,43,text,,,,YES,,,,,
sales,invoices,internal_notes,44,text,,,,YES,,,,,
sales,invoices,terms_and_conditions,45,text,,,,YES,,,,,
sales,invoices,bank_account_id,46,integer,,32,,YES,,,FK,org_bank_accounts,bank_account_id
sales,invoices,created_at,47,timestamp with time zone,,,,YES,CURRENT_TIMESTAMP,,,,
sales,invoices,updated_at,48,timestamp with time zone,,,,YES,CURRENT_TIMESTAMP,,,,
sales,invoices,created_by,49,integer,,32,,YES,,,FK,org_users,user_id
sales,invoices,posted_by,50,integer,,32,,YES,,,FK,org_users,user_id
sales,invoices,posted_at,51,timestamp with time zone,,,,YES,,,,,
sales,invoices,items_count,52,integer,,32,,YES,0,,,,
sales,invoices,total_quantity,53,numeric,,15,3,YES,0,,,,
sales,invoices,loyalty_points_used,54,integer,,32,,YES,,,,,
sales,invoices,loyalty_discount,55,numeric,,15,2,YES,,,,,
sales,invoices,credit_amount,56,numeric,,15,2,YES,0,,,,
sales,invoices,allocated_amount,57,numeric,,15,2,YES,0,,,,
sales,invoices,unallocated_amount,58,numeric,,15,2,YES,,,,,
sales,loyalty_programs,program_id,1,integer,,32,,NO,nextval('sales.loyalty_programs_program_id_seq'::regclass),,PK,,
sales,loyalty_programs,org_id,2,uuid,,,,NO,,,,,
sales,loyalty_programs,program_name,3,text,,,,NO,,,,,
sales,loyalty_programs,description,4,text,,,,YES,,,,,
sales,loyalty_programs,points_per_rupee,5,numeric,,5,2,YES,1.0,,,,
sales,loyalty_programs,redemption_ratio,6,numeric,,5,2,YES,0.25,,,,
sales,loyalty_programs,min_purchase_amount,7,numeric,,15,2,YES,,,,,
sales,loyalty_programs,min_redemption_points,8,integer,,32,,YES,100,,,,
sales,loyalty_programs,max_redemption_percentage,9,numeric,,5,2,YES,50,,,,
sales,loyalty_programs,points_validity_days,10,integer,,32,,YES,,,,,
sales,loyalty_programs,tier_based,11,boolean,,,,YES,false,,,,
sales,loyalty_programs,is_active,12,boolean,,,,YES,true,,,,
sales,loyalty_programs,created_by,13,integer,,32,,YES,,,,,
sales,loyalty_programs,created_at,14,timestamp with time zone,,,,YES,CURRENT_TIMESTAMP,,,,
sales,loyalty_programs,updated_at,15,timestamp with time zone,,,,YES,CURRENT_TIMESTAMP,,,,
sales,loyalty_tiers,tier_id,1,integer,,32,,NO,nextval('sales.loyalty_tiers_tier_id_seq'::regclass),,PK,,
sales,loyalty_tiers,program_id,2,integer,,32,,YES,,,FK,loyalty_programs,program_id
sales,loyalty_tiers,tier_name,3,text,,,,NO,,,,,
sales,loyalty_tiers,min_points_required,4,integer,,32,,NO,,,,,
sales,loyalty_tiers,points_multiplier,5,numeric,,5,2,YES,1.0,,,,
sales,loyalty_tiers,additional_benefits,6,text,,,,YES,,,,,
sales,loyalty_transactions,transaction_id,1,integer,,32,,NO,nextval('sales.loyalty_transactions_transaction_id_seq'::regclass),,PK,,
sales,loyalty_transactions,program_id,2,integer,,32,,YES,,,FK,loyalty_programs,program_id
sales,loyalty_transactions,customer_id,3,integer,,32,,YES,,,FK,customers,customer_id
sales,loyalty_transactions,transaction_type,4,text,,,,NO,,,,,
sales,loyalty_transactions,points,5,integer,,32,,NO,,,,,
sales,loyalty_transactions,reference_type,6,text,,,,YES,,,,,
sales,loyalty_transactions,reference_id,7,integer,,32,,YES,,,,,
sales,loyalty_transactions,remarks,8,text,,,,YES,,,,,
sales,loyalty_transactions,expiry_date,9,date,,,,YES,,,,,
sales,loyalty_transactions,created_by,10,integer,,32,,YES,,,,,
sales,loyalty_transactions,created_at,11,timestamp with time zone,,,,YES,CURRENT_TIMESTAMP,,,,
sales,order_items,order_item_id,1,integer,,32,,NO,nextval('sales.order_items_order_item_id_seq'::regclass),,PK,,
sales,order_items,order_id,2,integer,,32,,NO,,,FK,orders,order_id
sales,order_items,product_id,3,integer,,32,,NO,,,FK,products,product_id
sales,order_items,product_name,4,text,,,,YES,,,,,
sales,order_items,hsn_code,5,text,,,,YES,,,,,
sales,order_items,quantity,6,numeric,,15,3,NO,,,,,
sales,order_items,uom,7,text,,,,YES,,,,,
sales,order_items,pack_type,8,text,,,,YES,,,,,
sales,order_items,pack_size,9,integer,,32,,YES,,,,,
sales,order_items,base_quantity,10,numeric,,15,3,YES,,,,,
sales,order_items,unit_price,11,numeric,,15,4,NO,,,,,
sales,order_items,mrp,12,numeric,,15,2,YES,,,,,
sales,order_items,discount_percent,13,numeric,,5,2,YES,0,,,,
sales,order_items,discount_amount,14,numeric,,15,2,YES,0,,,,
sales,order_items,scheme_discount_percent,15,numeric,,5,2,YES,0,,,,
sales,order_items,scheme_discount_amount,16,numeric,,15,2,YES,0,,,,
sales,order_items,free_quantity,17,numeric,,15,3,YES,0,,,,
sales,order_items,scheme_code,18,text,,,,YES,,,,,
sales,order_items,taxable_amount,19,numeric,,15,2,YES,,,,,
sales,order_items,tax_percent,20,numeric,,5,2,YES,,,,,
sales,order_items,tax_amount,21,numeric,,15,2,YES,,,,,
sales,order_items,igst_percent,22,numeric,,5,2,YES,0,,,,
sales,order_items,cgst_percent,23,numeric,,5,2,YES,0,,,,
sales,order_items,sgst_percent,24,numeric,,5,2,YES,0,,,,
sales,order_items,cess_percent,25,numeric,,5,2,YES,0,,,,
sales,order_items,line_total,26,numeric,,15,2,NO,,,,,
sales,order_items,batch_id,27,integer,,32,,YES,,,,,
sales,order_items,batch_number,28,text,,,,YES,,,,,
sales,order_items,batch_expiry,29,date,,,,YES,,,,,
sales,order_items,ordered_quantity,30,numeric,,15,3,YES,,,,,
sales,order_items,delivered_quantity,31,numeric,,15,3,YES,0,,,,
sales,order_items,pending_quantity,32,numeric,,15,3,YES,,,,,
sales,order_items,cancelled_quantity,33,numeric,,15,3,YES,0,,,,
sales,order_items,item_status,34,text,,,,YES,'pending'::text,,,,
sales,order_items,item_notes,35,text,,,,YES,,,,,
sales,order_items,display_order,36,integer,,32,,YES,,,,,
sales,order_items,created_at,37,timestamp with time zone,,,,YES,CURRENT_TIMESTAMP,,,,
sales,order_items,updated_at,38,timestamp with time zone,,,,YES,CURRENT_TIMESTAMP,,,,
sales,order_items,cgst_rate,39,numeric,,5,2,YES,,,,,
sales,order_items,sgst_rate,40,numeric,,5,2,YES,,,,,
sales,order_items,igst_rate,41,numeric,,5,2,YES,,,,,
sales,order_items,cgst_amount,42,numeric,,15,2,YES,,,,,
sales,order_items,sgst_amount,43,numeric,,15,2,YES,,,,,
sales,order_items,igst_amount,44,numeric,,15,2,YES,,,,,
sales,order_items,cess_rate,45,numeric,,5,2,YES,,,,,
sales,order_items,cess_amount,46,numeric,,15,2,YES,,,,,
sales,order_items,delivery_status,47,text,,,,YES,'pending'::text,,,,
sales,order_items,notes,48,text,,,,YES,,,,,
sales,order_items,product_code,49,text,,,,YES,,,,,
sales,orders,order_id,1,integer,,32,,NO,nextval('sales.orders_order_id_seq'::regclass),,PK,,
sales,orders,org_id,2,uuid,,,,NO,,,FK,organizations,org_id
sales,orders,branch_id,3,integer,,32,,NO,,,FK,org_branches,branch_id
sales,orders,order_number,4,text,,,,NO,,,,,
sales,orders,order_date,5,date,,,,NO,CURRENT_DATE,,,,
sales,orders,order_type,6,text,,,,NO,'standard'::text,,,,
sales,orders,customer_id,7,integer,,32,,NO,,,FK,customers,customer_id
sales,orders,customer_po_number,8,text,,,,YES,,,,,
sales,orders,customer_po_date,9,date,,,,YES,,,,,
sales,orders,delivery_date,10,date,,,,YES,,,,,
sales,orders,delivery_priority,11,text,,,,YES,'normal'::text,,,,
sales,orders,delivery_address_id,12,integer,,32,,YES,,,FK,addresses,address_id
sales,orders,delivery_instructions,13,text,,,,YES,,,,,
sales,orders,salesperson_id,14,integer,,32,,YES,,,FK,org_users,user_id
sales,orders,territory_id,15,integer,,32,,YES,,,FK,territories,territory_id
sales,orders,route_id,16,integer,,32,,YES,,,FK,routes,route_id
sales,orders,price_list_id,17,integer,,32,,YES,,,,,
sales,orders,currency_code,18,text,,,,YES,'INR'::text,,,,
sales,orders,subtotal_amount,19,numeric,,15,2,YES,0,,,,
sales,orders,discount_amount,20,numeric,,15,2,YES,0,,,,
sales,orders,scheme_discount,21,numeric,,15,2,YES,0,,,,
sales,orders,taxable_amount,22,numeric,,15,2,YES,0,,,,
sales,orders,tax_amount,23,numeric,,15,2,YES,0,,,,
sales,orders,round_off_amount,24,numeric,,5,2,YES,0,,,,
sales,orders,final_amount,25,numeric,,15,2,YES,0,,,,
sales,orders,igst_amount,26,numeric,,15,2,YES,0,,,,
sales,orders,cgst_amount,27,numeric,,15,2,YES,0,,,,
sales,orders,sgst_amount,28,numeric,,15,2,YES,0,,,,
sales,orders,cess_amount,29,numeric,,15,2,YES,0,,,,
sales,orders,order_status,30,text,,,,YES,'draft'::text,,,,
sales,orders,approval_status,31,text,,,,YES,'pending'::text,,,,
sales,orders,approved_by,32,integer,,32,,YES,,,FK,org_users,user_id
sales,orders,approved_at,33,timestamp with time zone,,,,YES,,,,,
sales,orders,payment_terms,34,text,,,,YES,,,,,
sales,orders,payment_status,35,text,,,,YES,'pending'::text,,,,
sales,orders,fulfillment_status,36,text,,,,YES,'pending'::text,,,,
sales,orders,items_count,37,integer,,32,,YES,0,,,,
sales,orders,items_delivered,38,integer,,32,,YES,0,,,,
sales,orders,notes,39,text,,,,YES,,,,,
sales,orders,internal_notes,40,text,,,,YES,,,,,
sales,orders,tags,41,ARRAY,,,,YES,,,,,
sales,orders,created_at,42,timestamp with time zone,,,,YES,CURRENT_TIMESTAMP,,,,
sales,orders,updated_at,43,timestamp with time zone,,,,YES,CURRENT_TIMESTAMP,,,,
sales,orders,created_by,44,integer,,32,,YES,,,FK,org_users,user_id
sales,orders,updated_by,45,integer,,32,,YES,,,FK,org_users,user_id
sales,orders,paid_amount,46,numeric,,15,2,YES,0,,,,
sales,orders,confirmed_at,47,timestamp with time zone,,,,YES,,,,,
sales,orders,delivered_at,48,timestamp with time zone,,,,YES,,,,,
sales,orders,customer_name,49,text,,,,YES,,,,,
sales,orders,customer_phone,50,text,,,,YES,,,,,
sales,orders,balance_amount,51,numeric,,15,2,YES,0,,,,
sales,orders,payment_mode,52,text,,,,YES,'credit'::text,,,,
sales,orders,eway_bill_number,53,text,,,,YES,,,,,
sales,orders,pod_recorded,54,boolean,,,,YES,false,,,,
sales,orders,last_tracking_update,55,timestamp with time zone,,,,YES,,,,,
sales,orders,expected_delivery_date,56,date,,,,YES,,,,,
sales,orders,delivery_area,57,text,,,,YES,,,,,
sales,price_list_items,price_list_item_id,1,integer,,32,,NO,nextval('sales.price_list_items_price_list_item_id_seq'::regclass),,PK,,
sales,price_list_items,price_list_id,2,integer,,32,,NO,,,FK,price_lists,price_list_id
sales,price_list_items,product_id,3,integer,,32,,NO,,,FK,products,product_id
sales,price_list_items,base_unit_price,4,numeric,,15,4,YES,,,,,
sales,price_list_items,pack_unit_price,5,numeric,,15,4,YES,,,,,
sales,price_list_items,box_unit_price,6,numeric,,15,4,YES,,,,,
sales,price_list_items,case_unit_price,7,numeric,,15,4,YES,,,,,
sales,price_list_items,mrp,8,numeric,,15,2,YES,,,,,
sales,price_list_items,ptr_margin_percent,9,numeric,,5,2,YES,,,,,
sales,price_list_items,pts_margin_percent,10,numeric,,5,2,YES,,,,,
sales,price_list_items,min_order_quantity,11,numeric,,15,3,YES,,,,,
sales,price_list_items,min_order_pack_type,12,text,,,,YES,,,,,
sales,price_list_items,max_discount_percent,13,numeric,,5,2,YES,,,,,
sales,price_list_items,is_active,14,boolean,,,,YES,true,,,,
sales,price_list_items,created_at,15,timestamp with time zone,,,,YES,CURRENT_TIMESTAMP,,,,
sales,price_list_items,updated_at,16,timestamp with time zone,,,,YES,CURRENT_TIMESTAMP,,,,
sales,price_lists,price_list_id,1,integer,,32,,NO,nextval('sales.price_lists_price_list_id_seq'::regclass),,PK,,
sales,price_lists,org_id,2,uuid,,,,NO,,,FK,organizations,org_id
sales,price_lists,price_list_name,3,text,,,,NO,,,,,
sales,price_lists,price_list_type,4,text,,,,NO,,,,,
sales,price_lists,currency_code,5,text,,,,YES,'INR'::text,,,,
sales,price_lists,effective_from,6,date,,,,NO,,,,,
sales,price_lists,effective_until,7,date,,,,YES,,,,,
sales,price_lists,applicable_branches,8,ARRAY,,,,YES,,,,,
sales,price_lists,applicable_territories,9,ARRAY,,,,YES,,,,,
sales,price_lists,applicable_customer_groups,10,ARRAY,,,,YES,,,,,
sales,price_lists,parent_price_list_id,11,integer,,32,,YES,,,FK,price_lists,price_list_id
sales,price_lists,adjustment_type,12,text,,,,YES,,,,,
sales,price_lists,adjustment_value,13,numeric,,15,4,YES,,,,,
sales,price_lists,requires_approval,14,boolean,,,,YES,false,,,,
sales,price_lists,approval_status,15,text,,,,YES,'approved'::text,,,,
sales,price_lists,approved_by,16,integer,,32,,YES,,,FK,org_users,user_id
sales,price_lists,approved_date,17,date,,,,YES,,,,,
sales,price_lists,is_active,18,boolean,,,,YES,true,,,,
sales,price_lists,is_default,19,boolean,,,,YES,false,,,,
sales,price_lists,description,20,text,,,,YES,,,,,
sales,price_lists,created_at,21,timestamp with time zone,,,,YES,CURRENT_TIMESTAMP,,,,
sales,price_lists,updated_at,22,timestamp with time zone,,,,YES,CURRENT_TIMESTAMP,,,,
sales,price_lists,created_by,23,integer,,32,,NO,,,FK,org_users,user_id
sales,promotional_schemes,scheme_id,1,integer,,32,,NO,nextval('sales.promotional_schemes_scheme_id_seq'::regclass),,PK,,
sales,promotional_schemes,org_id,2,uuid,,,,NO,,,,,
sales,promotional_schemes,scheme_code,3,text,,,,NO,,,,,
sales,promotional_schemes,scheme_name,4,text,,,,NO,,,,,
sales,promotional_schemes,scheme_type,5,text,,,,NO,,,,,
sales,promotional_schemes,description,6,text,,,,YES,,,,,
sales,promotional_schemes,start_date,7,date,,,,NO,,,,,
sales,promotional_schemes,end_date,8,date,,,,NO,,,,,
sales,promotional_schemes,is_active,9,boolean,,,,YES,true,,,,
sales,promotional_schemes,discount_percentage,10,numeric,,5,2,YES,,,,,
sales,promotional_schemes,discount_amount,11,numeric,,15,2,YES,,,,,
sales,promotional_schemes,buy_quantity,12,integer,,32,,YES,,,,,
sales,promotional_schemes,get_quantity,13,integer,,32,,YES,,,,,
sales,promotional_schemes,min_bill_value,14,numeric,,15,2,YES,,,,,
sales,promotional_schemes,max_discount_amount,15,numeric,,15,2,YES,,,,,
sales,promotional_schemes,max_uses_per_customer,16,integer,,32,,YES,,,,,
sales,promotional_schemes,can_combine,17,boolean,,,,YES,false,,,,
sales,promotional_schemes,priority,18,integer,,32,,YES,1,,,,
sales,promotional_schemes,created_by,19,integer,,32,,YES,,,,,
sales,promotional_schemes,created_at,20,timestamp with time zone,,,,YES,CURRENT_TIMESTAMP,,,,
sales,promotional_schemes,updated_at,21,timestamp with time zone,,,,YES,CURRENT_TIMESTAMP,,,,
sales,proof_of_delivery,pod_id,1,integer,,32,,NO,nextval('sales.proof_of_delivery_pod_id_seq'::regclass),,PK,,
sales,proof_of_delivery,challan_id,2,integer,,32,,NO,,,,,
sales,proof_of_delivery,customer_id,3,integer,,32,,YES,,,FK,customers,customer_id
sales,proof_of_delivery,delivered_date,4,date,,,,NO,,,,,
sales,proof_of_delivery,delivered_time,5,time without time zone,,,,YES,,,,,
sales,proof_of_delivery,received_by_name,6,text,,,,NO,,,,,
sales,proof_of_delivery,received_by_designation,7,text,,,,YES,,,,,
sales,proof_of_delivery,received_by_phone,8,text,,,,YES,,,,,
sales,proof_of_delivery,delivery_location,9,text,,,,YES,,,,,
sales,proof_of_delivery,delivery_notes,10,text,,,,YES,,,,,
sales,proof_of_delivery,signature_image,11,text,,,,YES,,,,,
sales,proof_of_delivery,delivery_photo,12,text,,,,YES,,,,,
sales,proof_of_delivery,gps_latitude,13,numeric,,10,7,YES,,,,,
sales,proof_of_delivery,gps_longitude,14,numeric,,10,7,YES,,,,,
sales,proof_of_delivery,delivery_rating,15,integer,,32,,YES,,,,,
sales,proof_of_delivery,created_date,16,timestamp with time zone,,,,YES,CURRENT_TIMESTAMP,,,,
sales,sales_return_items,return_item_id,1,integer,,32,,NO,nextval('sales.sales_return_items_return_item_id_seq'::regclass),,PK,,
sales,sales_return_items,return_id,2,integer,,32,,NO,,,FK,sales_returns,return_id
sales,sales_return_items,invoice_item_id,3,integer,,32,,YES,,,FK,invoice_items,invoice_item_id
sales,sales_return_items,product_id,4,integer,,32,,NO,,,FK,products,product_id
sales,sales_return_items,batch_id,5,integer,,32,,YES,,,FK,batches,batch_id
sales,sales_return_items,batch_number,6,text,,,,YES,,,,,
sales,sales_return_items,return_quantity,7,numeric,,15,3,NO,,,,,
sales,sales_return_items,uom,8,text,,,,NO,,,,,
sales,sales_return_items,damaged_quantity,9,numeric,,15,3,YES,0,,,,
sales,sales_return_items,saleable_quantity,10,numeric,,15,3,YES,0,,,,
sales,sales_return_items,unit_price,11,numeric,,15,4,YES,,,,,
sales,sales_return_items,return_value,12,numeric,,15,2,YES,,,,,
sales,sales_return_items,tax_amount,13,numeric,,15,2,YES,,,,,
sales,sales_return_items,item_return_reason,14,text,,,,YES,,,,,
sales,sales_return_items,disposition,15,text,,,,YES,,,,,
sales,sales_return_items,created_at,16,timestamp with time zone,,,,YES,CURRENT_TIMESTAMP,,,,
sales,sales_returns,return_id,1,integer,,32,,NO,nextval('sales.sales_returns_return_id_seq'::regclass),,PK,,
sales,sales_returns,org_id,2,uuid,,,,NO,,,FK,organizations,org_id
sales,sales_returns,branch_id,3,integer,,32,,NO,,,FK,org_branches,branch_id
sales,sales_returns,return_number,4,text,,,,NO,,,,,
sales,sales_returns,return_date,5,date,,,,NO,CURRENT_DATE,,,,
sales,sales_returns,return_type,6,text,,,,NO,,,,,
sales,sales_returns,invoice_id,7,integer,,32,,YES,,,FK,invoices,invoice_id
sales,sales_returns,challan_id,8,integer,,32,,YES,,,FK,delivery_challans,challan_id
sales,sales_returns,customer_id,9,integer,,32,,NO,,,FK,customers,customer_id
sales,sales_returns,return_reason,10,text,,,,NO,,,,,
sales,sales_returns,return_category,11,text,,,,YES,,,,,
sales,sales_returns,approval_required,12,boolean,,,,YES,true,,,,
sales,sales_returns,approval_status,13,text,,,,YES,'pending'::text,,,,
sales,sales_returns,approved_by,14,integer,,32,,YES,,,FK,org_users,user_id
sales,sales_returns,approved_at,15,timestamp with time zone,,,,YES,,,,,
sales,sales_returns,return_amount,16,numeric,,15,2,YES,,,,,
sales,sales_returns,tax_amount,17,numeric,,15,2,YES,,,,,
sales,sales_returns,total_amount,18,numeric,,15,2,YES,,,,,
sales,sales_returns,credit_note_number,19,text,,,,YES,,,,,
sales,sales_returns,credit_note_date,20,date,,,,YES,,,,,
sales,sales_returns,credit_note_status,21,text,,,,YES,'pending'::text,,,,
sales,sales_returns,igst_amount,22,numeric,,15,2,YES,0,,,,
sales,sales_returns,cgst_amount,23,numeric,,15,2,YES,0,,,,
sales,sales_returns,sgst_amount,24,numeric,,15,2,YES,0,,,,
sales,sales_returns,adjustment_type,25,text,,,,YES,,,,,
sales,sales_returns,adjusted_amount,26,numeric,,15,2,YES,0,,,,
sales,sales_returns,pending_amount,27,numeric,,15,2,YES,,,,,
sales,sales_returns,goods_received_date,28,date,,,,YES,,,,,
sales,sales_returns,goods_received_by,29,integer,,32,,YES,,,FK,org_users,user_id
sales,sales_returns,quality_check_status,30,text,,,,YES,,,,,
sales,sales_returns,notes,31,text,,,,YES,,,,,
sales,sales_returns,internal_notes,32,text,,,,YES,,,,,
sales,sales_returns,created_at,33,timestamp with time zone,,,,YES,CURRENT_TIMESTAMP,,,,
sales,sales_returns,updated_at,34,timestamp with time zone,,,,YES,CURRENT_TIMESTAMP,,,,
sales,sales_returns,created_by,35,integer,,32,,NO,,,FK,org_users,user_id
sales,sales_schemes,scheme_id,1,integer,,32,,NO,nextval('sales.sales_schemes_scheme_id_seq'::regclass),,PK,,
sales,sales_schemes,org_id,2,uuid,,,,NO,,,FK,organizations,org_id
sales,sales_schemes,scheme_code,3,text,,,,NO,,,,,
sales,sales_schemes,scheme_name,4,text,,,,NO,,,,,
sales,sales_schemes,scheme_type,5,text,,,,NO,,,,,
sales,sales_schemes,start_date,6,date,,,,NO,,,,,
sales,sales_schemes,end_date,7,date,,,,NO,,,,,
sales,sales_schemes,applicable_branches,8,ARRAY,,,,YES,,,,,
sales,sales_schemes,applicable_territories,9,ARRAY,,,,YES,,,,,
sales,sales_schemes,applicable_customers,10,ARRAY,,,,YES,,,,,
sales,sales_schemes,applicable_customer_types,11,ARRAY,,,,YES,,,,,
sales,sales_schemes,scheme_rules,12,jsonb,,,,NO,,,,,
sales,sales_schemes,applicable_products,13,ARRAY,,,,YES,,,,,
sales,sales_schemes,applicable_categories,14,ARRAY,,,,YES,,,,,
sales,sales_schemes,scheme_budget,15,numeric,,15,2,YES,,,,,
sales,sales_schemes,utilized_budget,16,numeric,,15,2,YES,0,,,,
sales,sales_schemes,max_benefit_per_order,17,numeric,,15,2,YES,,,,,
sales,sales_schemes,approval_status,18,text,,,,YES,'draft'::text,,,,
sales,sales_schemes,approved_by,19,integer,,32,,YES,,,FK,org_users,user_id
sales,sales_schemes,approved_date,20,date,,,,YES,,,,,
sales,sales_schemes,is_active,21,boolean,,,,YES,true,,,,
sales,sales_schemes,can_combine,22,boolean,,,,YES,false,,,,
sales,sales_schemes,total_orders,23,integer,,32,,YES,0,,,,
sales,sales_schemes,total_discount_given,24,numeric,,15,2,YES,0,,,,
sales,sales_schemes,created_at,25,timestamp with time zone,,,,YES,CURRENT_TIMESTAMP,,,,
sales,sales_schemes,updated_at,26,timestamp with time zone,,,,YES,CURRENT_TIMESTAMP,,,,
sales,sales_schemes,created_by,27,integer,,32,,NO,,,FK,org_users,user_id
sales,sales_targets,target_id,1,integer,,32,,NO,nextval('sales.sales_targets_target_id_seq'::regclass),,PK,,
sales,sales_targets,org_id,2,uuid,,,,NO,,,FK,organizations,org_id
sales,sales_targets,target_year,3,integer,,32,,NO,,,,,
sales,sales_targets,target_month,4,integer,,32,,YES,,,,,
sales,sales_targets,target_quarter,5,integer,,32,,YES,,,,,
sales,sales_targets,period_type,6,text,,,,NO,,,,,
sales,sales_targets,target_type,7,text,,,,NO,,,,,
sales,sales_targets,target_entity_id,8,integer,,32,,NO,,,,,
sales,sales_targets,revenue_target,9,numeric,,15,2,YES,,,,,
sales,sales_targets,quantity_target,10,numeric,,15,3,YES,,,,,
sales,sales_targets,new_customer_target,11,integer,,32,,YES,,,,,
sales,sales_targets,visit_target,12,integer,,32,,YES,,,,,
sales,sales_targets,revenue_achieved,13,numeric,,15,2,YES,0,,,,
sales,sales_targets,quantity_achieved,14,numeric,,15,3,YES,0,,,,
sales,sales_targets,new_customers_achieved,15,integer,,32,,YES,0,,,,
sales,sales_targets,visits_achieved,16,integer,,32,,YES,0,,,,
sales,sales_targets,revenue_achievement_percent,17,numeric,,5,2,YES,0,,,,
sales,sales_targets,overall_achievement_percent,18,numeric,,5,2,YES,0,,,,
sales,sales_targets,incentive_percentage,19,numeric,,5,2,YES,,,,,
sales,sales_targets,calculated_incentive,20,numeric,,15,2,YES,,,,,
sales,sales_targets,status,21,text,,,,YES,'active'::text,,,,
sales,sales_targets,notes,22,text,,,,YES,,,,,
sales,sales_targets,created_at,23,timestamp with time zone,,,,YES,CURRENT_TIMESTAMP,,,,
sales,sales_targets,updated_at,24,timestamp with time zone,,,,YES,CURRENT_TIMESTAMP,,,,
sales,sales_targets,created_by,25,integer,,32,,NO,,,FK,org_users,user_id
sales,scheme_customers,scheme_id,1,integer,,32,,NO,,,PK,promotional_schemes,scheme_id
sales,scheme_customers,customer_id,2,integer,,32,,NO,,,PK,customers,customer_id
sales,scheme_products,scheme_id,1,integer,,32,,NO,,,PK,promotional_schemes,scheme_id
sales,scheme_products,product_id,2,integer,,32,,NO,,,PK,products,product_id
sales,scheme_usage,usage_id,1,integer,,32,,NO,nextval('sales.scheme_usage_usage_id_seq'::regclass),,PK,,
sales,scheme_usage,scheme_id,2,integer,,32,,YES,,,FK,promotional_schemes,scheme_id
sales,scheme_usage,invoice_id,3,integer,,32,,YES,,,FK,invoices,invoice_id
sales,scheme_usage,customer_id,4,integer,,32,,YES,,,FK,customers,customer_id
sales,scheme_usage,usage_date,5,date,,,,NO,,,,,
sales,scheme_usage,discount_given,6,numeric,,15,2,YES,,,,,
sales,scheme_usage,free_items_data,7,jsonb,,,,YES,,,,,
sales,scheme_usage,created_at,8,timestamp with time zone,,,,YES,CURRENT_TIMESTAMP,,,,
sales,scheme_volume_slabs,slab_id,1,integer,,32,,NO,nextval('sales.scheme_volume_slabs_slab_id_seq'::regclass),,PK,,
sales,scheme_volume_slabs,scheme_id,2,integer,,32,,YES,,,FK,promotional_schemes,scheme_id
sales,scheme_volume_slabs,min_quantity,3,numeric,,15,3,NO,,,,,
sales,scheme_volume_slabs,max_quantity,4,numeric,,15,3,YES,,,,,
sales,scheme_volume_slabs,discount_percentage,5,numeric,,5,2,YES,,,,,
sales,scheme_volume_slabs,discount_amount,6,numeric,,15,2,YES,,,,,
sales,v_invoice_calculation_debug,invoice_id,1,integer,,32,,YES,,,,,
sales,v_invoice_calculation_debug,invoice_item_id,2,integer,,32,,YES,,,,,
sales,v_invoice_calculation_debug,product_id,3,integer,,32,,YES,,,,,
sales,v_invoice_calculation_debug,product_name,4,text,,,,YES,,,,,
sales,v_invoice_calculation_debug,total_qty,5,numeric,,15,3,YES,,,,,
sales,v_invoice_calculation_debug,billable_qty,6,numeric,,15,3,YES,,,,,
sales,v_invoice_calculation_debug,free_qty,7,numeric,,15,3,YES,,,,,
sales,v_invoice_calculation_debug,unit_price,8,numeric,,15,4,YES,,,,,
sales,v_invoice_calculation_debug,discount_percent,9,numeric,,5,2,YES,,,,,
sales,v_invoice_calculation_debug,discount_amount,10,numeric,,15,2,YES,,,,,
sales,v_invoice_calculation_debug,taxable_amount,11,numeric,,15,2,YES,,,,,
sales,v_invoice_calculation_debug,total_tax_amount,12,numeric,,15,2,YES,,,,,
sales,v_invoice_calculation_debug,line_total,13,numeric,,15,2,YES,,,,,
sales,v_invoice_calculation_debug,expected_subtotal,14,numeric,,,,YES,,,,,
sales,v_invoice_calculation_debug,expected_discount,15,numeric,,,,YES,,,,,
sales,v_invoice_calculation_debug,expected_taxable,16,numeric,,,,YES,,,,,
sales,v_invoice_calculation_debug,validation_status,17,text,,,,YES,,,,,
sales,v_invoice_calculation_debug,invoice_number,18,text,,,,YES,,,,,
sales,v_invoice_calculation_debug,invoice_total,19,numeric,,15,2,YES,,,,,
sales,v_invoice_items_with_quantities,invoice_item_id,1,integer,,32,,YES,,,,,
sales,v_invoice_items_with_quantities,invoice_id,2,integer,,32,,YES,,,,,
sales,v_invoice_items_with_quantities,order_item_id,3,integer,,32,,YES,,,,,
sales,v_invoice_items_with_quantities,product_id,4,integer,,32,,YES,,,,,
sales,v_invoice_items_with_quantities,product_name,5,text,,,,YES,,,,,
sales,v_invoice_items_with_quantities,product_description,6,text,,,,YES,,,,,
sales,v_invoice_items_with_quantities,hsn_code,7,text,,,,YES,,,,,
sales,v_invoice_items_with_quantities,batch_id,8,integer,,32,,YES,,,,,
sales,v_invoice_items_with_quantities,batch_number,9,text,,,,YES,,,,,
sales,v_invoice_items_with_quantities,manufacturing_date,10,date,,,,YES,,,,,
sales,v_invoice_items_with_quantities,expiry_date,11,date,,,,YES,,,,,
sales,v_invoice_items_with_quantities,quantity,12,numeric,,15,3,YES,,,,,
sales,v_invoice_items_with_quantities,uom,13,text,,,,YES,,,,,
sales,v_invoice_items_with_quantities,pack_type,14,text,,,,YES,,,,,
sales,v_invoice_items_with_quantities,pack_size,15,integer,,32,,YES,,,,,
sales,v_invoice_items_with_quantities,base_quantity,16,numeric,,15,3,YES,,,,,
sales,v_invoice_items_with_quantities,mrp,17,numeric,,15,2,YES,,,,,
sales,v_invoice_items_with_quantities,unit_price,18,numeric,,15,4,YES,,,,,
sales,v_invoice_items_with_quantities,discount_percent,19,numeric,,5,2,YES,,,,,
sales,v_invoice_items_with_quantities,discount_amount,20,numeric,,15,2,YES,,,,,
sales,v_invoice_items_with_quantities,taxable_amount,21,numeric,,15,2,YES,,,,,
sales,v_invoice_items_with_quantities,igst_rate,22,numeric,,5,2,YES,,,,,
sales,v_invoice_items_with_quantities,igst_amount,23,numeric,,15,2,YES,,,,,
sales,v_invoice_items_with_quantities,cgst_rate,24,numeric,,5,2,YES,,,,,
sales,v_invoice_items_with_quantities,cgst_amount,25,numeric,,15,2,YES,,,,,
sales,v_invoice_items_with_quantities,sgst_rate,26,numeric,,5,2,YES,,,,,
sales,v_invoice_items_with_quantities,sgst_amount,27,numeric,,15,2,YES,,,,,
sales,v_invoice_items_with_quantities,cess_rate,28,numeric,,5,2,YES,,,,,
sales,v_invoice_items_with_quantities,cess_amount,29,numeric,,15,2,YES,,,,,
sales,v_invoice_items_with_quantities,total_tax_amount,30,numeric,,15,2,YES,,,,,
sales,v_invoice_items_with_quantities,line_total,31,numeric,,15,2,YES,,,,,
sales,v_invoice_items_with_quantities,is_free_item,32,boolean,,,,YES,,,,,
sales,v_invoice_items_with_quantities,display_order,33,integer,,32,,YES,,,,,
sales,v_invoice_items_with_quantities,created_at,34,timestamp with time zone,,,,YES,,,,,
sales,v_invoice_items_with_quantities,free_quantity,35,numeric,,15,3,YES,,,,,
sales,v_invoice_items_with_quantities,billable_amount,36,numeric,,,,YES,,,,,
sales,v_invoice_items_with_quantities,free_value,37,numeric,,,,YES,,,,,
sales,v_invoice_items_with_quantities,free_percentage,38,numeric,,,,YES,,,,,
procurement,branch_budgets,budget_id,1,integer,,32,,NO,nextval('procurement.branch_budgets_budget_id_seq'::regclass),,PK,,
procurement,branch_budgets,org_id,2,integer,,32,,NO,,,,,
procurement,branch_budgets,branch_id,3,integer,,32,,NO,,,,,
procurement,branch_budgets,budget_month,4,integer,,32,,NO,,,,,
procurement,branch_budgets,budget_year,5,integer,,32,,NO,,,,,
procurement,branch_budgets,budget_amount,6,numeric,,15,2,NO,,,,,
procurement,branch_budgets,is_active,7,boolean,,,,YES,true,,,,
procurement,branch_budgets,created_by,8,integer,,32,,YES,,,,,
procurement,branch_budgets,created_at,9,timestamp without time zone,,,,YES,CURRENT_TIMESTAMP,,,,
procurement,goods_receipt_notes,grn_id,1,integer,,32,,NO,nextval('procurement.goods_receipt_notes_grn_id_seq'::regclass),,PK,,
procurement,goods_receipt_notes,org_id,2,uuid,,,,NO,,,FK,organizations,org_id
procurement,goods_receipt_notes,branch_id,3,integer,,32,,NO,,,FK,org_branches,branch_id
procurement,goods_receipt_notes,grn_number,4,text,,,,NO,,,,,
procurement,goods_receipt_notes,grn_date,5,date,,,,NO,CURRENT_DATE,,,,
procurement,goods_receipt_notes,grn_type,6,text,,,,YES,'purchase'::text,,,,
procurement,goods_receipt_notes,purchase_order_id,7,integer,,32,,YES,,,FK,purchase_orders,purchase_order_id
procurement,goods_receipt_notes,supplier_id,8,integer,,32,,YES,,,FK,suppliers,supplier_id
procurement,goods_receipt_notes,supplier_invoice_number,9,text,,,,YES,,,,,
procurement,goods_receipt_notes,supplier_invoice_date,10,date,,,,YES,,,,,
procurement,goods_receipt_notes,supplier_challan_number,11,text,,,,YES,,,,,
procurement,goods_receipt_notes,supplier_challan_date,12,date,,,,YES,,,,,
procurement,goods_receipt_notes,received_by,13,integer,,32,,NO,,,FK,org_users,user_id
procurement,goods_receipt_notes,received_at,14,timestamp with time zone,,,,YES,CURRENT_TIMESTAMP,,,,
procurement,goods_receipt_notes,storage_location_id,15,integer,,32,,YES,,,FK,storage_locations,location_id
procurement,goods_receipt_notes,transport_mode,16,text,,,,YES,,,,,
procurement,goods_receipt_notes,vehicle_number,17,text,,,,YES,,,,,
procurement,goods_receipt_notes,lr_number,18,text,,,,YES,,,,,
procurement,goods_receipt_notes,lr_date,19,date,,,,YES,,,,,
procurement,goods_receipt_notes,qc_required,20,boolean,,,,YES,true,,,,
procurement,goods_receipt_notes,qc_status,21,text,,,,YES,'pending'::text,,,,
procurement,goods_receipt_notes,qc_completed_by,22,integer,,32,,YES,,,FK,org_users,user_id
procurement,goods_receipt_notes,qc_completed_at,23,timestamp with time zone,,,,YES,,,,,
procurement,goods_receipt_notes,qc_notes,24,text,,,,YES,,,,,
procurement,goods_receipt_notes,supplier_amount,25,numeric,,15,2,YES,,,,,
procurement,goods_receipt_notes,calculated_amount,26,numeric,,15,2,YES,,,,,
procurement,goods_receipt_notes,variance_amount,27,numeric,,15,2,YES,,,,,
procurement,goods_receipt_notes,grn_status,28,text,,,,YES,'draft'::text,,,,
procurement,goods_receipt_notes,approval_status,29,text,,,,YES,'pending'::text,,,,
procurement,goods_receipt_notes,approved_by,30,integer,,32,,YES,,,FK,org_users,user_id
procurement,goods_receipt_notes,approved_at,31,timestamp with time zone,,,,YES,,,,,
procurement,goods_receipt_notes,stock_updated,32,boolean,,,,YES,false,,,,
procurement,goods_receipt_notes,stock_updated_at,33,timestamp with time zone,,,,YES,,,,,
procurement,goods_receipt_notes,notes,34,text,,,,YES,,,,,
procurement,goods_receipt_notes,rejection_reason,35,text,,,,YES,,,,,
procurement,goods_receipt_notes,created_at,36,timestamp with time zone,,,,YES,CURRENT_TIMESTAMP,,,,
procurement,goods_receipt_notes,updated_at,37,timestamp with time zone,,,,YES,CURRENT_TIMESTAMP,,,,
procurement,grn_items,grn_item_id,1,integer,,32,,NO,nextval('procurement.grn_items_grn_item_id_seq'::regclass),,PK,,
procurement,grn_items,grn_id,2,integer,,32,,NO,,,FK,goods_receipt_notes,grn_id
procurement,grn_items,po_item_id,3,integer,,32,,YES,,,FK,purchase_order_items,po_item_id
procurement,grn_items,product_id,4,integer,,32,,NO,,,FK,products,product_id
procurement,grn_items,batch_number,5,text,,,,NO,,,,,
procurement,grn_items,manufacturing_date,6,date,,,,YES,,,,,
procurement,grn_items,expiry_date,7,date,,,,NO,,,,,
procurement,grn_items,ordered_quantity,8,numeric,,15,3,YES,,,,,
procurement,grn_items,received_quantity,9,numeric,,15,3,NO,,,,,
procurement,grn_items,accepted_quantity,10,numeric,,15,3,YES,,,,,
procurement,grn_items,rejected_quantity,11,numeric,,15,3,YES,0,,,,
procurement,grn_items,free_quantity,12,numeric,,15,3,YES,0,,,,
procurement,grn_items,uom,13,text,,,,NO,,,,,
procurement,grn_items,pack_type,14,text,,,,NO,,,,,
procurement,grn_items,pack_size,15,integer,,32,,YES,,,,,
procurement,grn_items,unit_price,16,numeric,,15,4,YES,,,,,
procurement,grn_items,mrp,17,numeric,,15,2,NO,,,,,
procurement,grn_items,ptr,18,numeric,,15,2,YES,,,,,
procurement,grn_items,pts,19,numeric,,15,2,YES,,,,,
procurement,grn_items,ptr_margin_percent,20,numeric,,5,2,YES,,,,,
procurement,grn_items,pts_margin_percent,21,numeric,,5,2,YES,,,,,
procurement,grn_items,qc_status,22,text,,,,YES,'pending'::text,,,,
procurement,grn_items,qc_notes,23,text,,,,YES,,,,,
procurement,grn_items,rejection_reason,24,text,,,,YES,,,,,
procurement,grn_items,storage_location_id,25,integer,,32,,YES,,,FK,storage_locations,location_id
procurement,grn_items,item_status,26,text,,,,YES,'received'::text,,,,
procurement,grn_items,item_notes,27,text,,,,YES,,,,,
procurement,grn_items,display_order,28,integer,,32,,YES,,,,,
procurement,grn_items,created_at,29,timestamp with time zone,,,,YES,CURRENT_TIMESTAMP,,,,
procurement,grn_items,quantity_returned,30,numeric,,18,3,YES,0,Total quantity returned to supplier,,,
procurement,grn_return_status,grn_id,1,integer,,32,,YES,,,,,
procurement,grn_return_status,grn_number,2,text,,,,YES,,,,,
procurement,grn_return_status,grn_date,3,date,,,,YES,,,,,
procurement,grn_return_status,supplier_id,4,integer,,32,,YES,,,,,
procurement,grn_return_status,supplier_name,5,text,,,,YES,,,,,
procurement,grn_return_status,grn_amount,6,numeric,,,,YES,,,,,
procurement,grn_return_status,return_count,7,bigint,,64,,YES,,,,,
procurement,grn_return_status,total_returned_amount,8,numeric,,,,YES,,,,,
procurement,grn_return_status,return_status,9,text,,,,YES,,,,,
procurement,grn_return_status,remaining_returnable_amount,10,numeric,,,,YES,,,,,
procurement,purchase_order_items,po_item_id,1,integer,,32,,NO,nextval('procurement.purchase_order_items_po_item_id_seq'::regclass),,PK,,
procurement,purchase_order_items,purchase_order_id,2,integer,,32,,NO,,,FK,purchase_orders,purchase_order_id
procurement,purchase_order_items,product_id,3,integer,,32,,NO,,,FK,products,product_id
procurement,purchase_order_items,product_name,4,text,,,,NO,,,,,
procurement,purchase_order_items,manufacturer,5,text,,,,YES,,,,,
procurement,purchase_order_items,hsn_code,6,text,,,,YES,,,,,
procurement,purchase_order_items,ordered_quantity,7,numeric,,15,3,NO,,,,,
procurement,purchase_order_items,uom,8,text,,,,NO,,,,,
procurement,purchase_order_items,pack_type,9,text,,,,NO,,,,,
procurement,purchase_order_items,pack_size,10,integer,,32,,YES,,,,,
procurement,purchase_order_items,base_quantity,11,numeric,,15,3,YES,,,,,
procurement,purchase_order_items,free_quantity,12,numeric,,15,3,YES,0,,,,
procurement,purchase_order_items,scheme_details,13,text,,,,YES,,,,,
procurement,purchase_order_items,unit_price,14,numeric,,15,4,NO,,,,,
procurement,purchase_order_items,mrp,15,numeric,,15,2,YES,,,,,
procurement,purchase_order_items,discount_percent,16,numeric,,5,2,YES,0,,,,
procurement,purchase_order_items,discount_amount,17,numeric,,15,2,YES,0,,,,
procurement,purchase_order_items,taxable_amount,18,numeric,,15,2,YES,,,,,
procurement,purchase_order_items,tax_percent,19,numeric,,5,2,YES,,,,,
procurement,purchase_order_items,tax_amount,20,numeric,,15,2,YES,,,,,
procurement,purchase_order_items,line_total,21,numeric,,15,2,NO,,,,,
procurement,purchase_order_items,received_quantity,22,numeric,,15,3,YES,0,,,,
procurement,purchase_order_items,pending_quantity,23,numeric,,15,3,YES,,,,,
procurement,purchase_order_items,cancelled_quantity,24,numeric,,15,3,YES,0,,,,
procurement,purchase_order_items,bonus_quantity,25,numeric,,15,3,YES,0,,,,
procurement,purchase_order_items,item_status,26,text,,,,YES,'pending'::text,,,,
procurement,purchase_order_items,item_notes,27,text,,,,YES,,,,,
procurement,purchase_order_items,display_order,28,integer,,32,,YES,,,,,
procurement,purchase_order_items,created_at,29,timestamp with time zone,,,,YES,CURRENT_TIMESTAMP,,,,
procurement,purchase_order_items,updated_at,30,timestamp with time zone,,,,YES,CURRENT_TIMESTAMP,,,,
procurement,purchase_order_items,batch_number,31,character varying,100,,,YES,,,,,
procurement,purchase_order_items,expiry_date,32,date,,,,YES,,,,,
procurement,purchase_order_items,selling_price,33,numeric,,15,2,YES,,,,,
procurement,purchase_orders,purchase_order_id,1,integer,,32,,NO,nextval('procurement.purchase_orders_purchase_order_id_seq'::regclass),,PK,,
procurement,purchase_orders,org_id,2,uuid,,,,NO,,,FK,organizations,org_id
procurement,purchase_orders,branch_id,3,integer,,32,,NO,,,FK,org_branches,branch_id
procurement,purchase_orders,po_number,4,text,,,,NO,,,,,
procurement,purchase_orders,po_date,5,date,,,,NO,CURRENT_DATE,,,,
procurement,purchase_orders,po_type,6,text,,,,YES,'regular'::text,,,,
procurement,purchase_orders,supplier_id,7,integer,,32,,NO,,,FK,suppliers,supplier_id
procurement,purchase_orders,supplier_name,8,text,,,,NO,,,,,
procurement,purchase_orders,supplier_reference,9,text,,,,YES,,,,,
procurement,purchase_orders,expected_delivery_date,10,date,,,,YES,,,,,
procurement,purchase_orders,delivery_location_id,11,integer,,32,,YES,,,FK,storage_locations,location_id
procurement,purchase_orders,delivery_terms,12,text,,,,YES,,,,,
procurement,purchase_orders,payment_terms,13,text,,,,YES,,,,,
procurement,purchase_orders,payment_days,14,integer,,32,,YES,,,,,
procurement,purchase_orders,due_date,15,date,,,,YES,,,,,
procurement,purchase_orders,subtotal_amount,16,numeric,,15,2,YES,0,,,,
procurement,purchase_orders,discount_amount,17,numeric,,15,2,YES,0,,,,
procurement,purchase_orders,taxable_amount,18,numeric,,15,2,YES,0,,,,
procurement,purchase_orders,tax_amount,19,numeric,,15,2,YES,0,,,,
procurement,purchase_orders,other_charges,20,numeric,,15,2,YES,0,,,,
procurement,purchase_orders,round_off_amount,21,numeric,,5,2,YES,0,,,,
procurement,purchase_orders,total_amount,22,numeric,,15,2,YES,0,,,,
procurement,purchase_orders,igst_amount,23,numeric,,15,2,YES,0,,,,
procurement,purchase_orders,cgst_amount,24,numeric,,15,2,YES,0,,,,
procurement,purchase_orders,sgst_amount,25,numeric,,15,2,YES,0,,,,
procurement,purchase_orders,cess_amount,26,numeric,,15,2,YES,0,,,,
procurement,purchase_orders,po_status,27,text,,,,YES,'draft'::text,,,,
procurement,purchase_orders,approval_status,28,text,,,,YES,'pending'::text,,,,
procurement,purchase_orders,approved_by,29,integer,,32,,YES,,,FK,org_users,user_id
procurement,purchase_orders,approved_at,30,timestamp with time zone,,,,YES,,,,,
procurement,purchase_orders,items_count,31,integer,,32,,YES,0,,,,
procurement,purchase_orders,items_received,32,integer,,32,,YES,0,,,,
procurement,purchase_orders,receipt_status,33,text,,,,YES,'pending'::text,,,,
procurement,purchase_orders,sent_to_supplier,34,boolean,,,,YES,false,,,,
procurement,purchase_orders,sent_date,35,timestamp with time zone,,,,YES,,,,,
procurement,purchase_orders,acknowledged_by_supplier,36,boolean,,,,YES,false,,,,
procurement,purchase_orders,acknowledged_date,37,timestamp with time zone,,,,YES,,,,,
procurement,purchase_orders,notes,38,text,,,,YES,,,,,
procurement,purchase_orders,internal_notes,39,text,,,,YES,,,,,
procurement,purchase_orders,terms_and_conditions,40,text,,,,YES,,,,,
procurement,purchase_orders,created_at,41,timestamp with time zone,,,,YES,CURRENT_TIMESTAMP,,,,
procurement,purchase_orders,updated_at,42,timestamp with time zone,,,,YES,CURRENT_TIMESTAMP,,,,
procurement,purchase_orders,created_by,43,integer,,32,,NO,,,FK,org_users,user_id
procurement,purchase_requisition_items,requisition_item_id,1,integer,,32,,NO,nextval('procurement.purchase_requisition_items_requisition_item_id_seq'::regclass),,PK,,
procurement,purchase_requisition_items,requisition_id,2,integer,,32,,NO,,,FK,purchase_requisitions,requisition_id
procurement,purchase_requisition_items,product_id,3,integer,,32,,NO,,,FK,products,product_id
procurement,purchase_requisition_items,requested_quantity,4,numeric,,15,3,NO,,,,,
procurement,purchase_requisition_items,uom,5,text,,,,NO,,,,,
procurement,purchase_requisition_items,current_stock,6,numeric,,15,3,YES,,,,,
procurement,purchase_requisition_items,reorder_level,7,numeric,,15,3,YES,,,,,
procurement,purchase_requisition_items,suggested_supplier_id,8,integer,,32,,YES,,,FK,suppliers,supplier_id
procurement,purchase_requisition_items,last_purchase_price,9,numeric,,15,4,YES,,,,,
procurement,purchase_requisition_items,approved_quantity,10,numeric,,15,3,YES,,,,,
procurement,purchase_requisition_items,item_status,11,text,,,,YES,'pending'::text,,,,
procurement,purchase_requisition_items,item_notes,12,text,,,,YES,,,,,
procurement,purchase_requisition_items,display_order,13,integer,,32,,YES,,,,,
procurement,purchase_requisition_items,created_at,14,timestamp with time zone,,,,YES,CURRENT_TIMESTAMP,,,,
procurement,purchase_requisitions,requisition_id,1,integer,,32,,NO,nextval('procurement.purchase_requisitions_requisition_id_seq'::regclass),,PK,,
procurement,purchase_requisitions,org_id,2,uuid,,,,NO,,,FK,organizations,org_id
procurement,purchase_requisitions,branch_id,3,integer,,32,,NO,,,FK,org_branches,branch_id
procurement,purchase_requisitions,requisition_number,4,text,,,,NO,,,,,
procurement,purchase_requisitions,requisition_date,5,date,,,,NO,CURRENT_DATE,,,,
procurement,purchase_requisitions,required_by_date,6,date,,,,YES,,,,,
procurement,purchase_requisitions,requested_by,7,integer,,32,,NO,,,FK,org_users,user_id
procurement,purchase_requisitions,department,8,text,,,,YES,,,,,
procurement,purchase_requisitions,requisition_type,9,text,,,,YES,'stock'::text,,,,
procurement,purchase_requisitions,priority,10,text,,,,YES,'normal'::text,,,,
procurement,purchase_requisitions,approval_status,11,text,,,,YES,'pending'::text,,,,
procurement,purchase_requisitions,current_approver_id,12,integer,,32,,YES,,,FK,org_users,user_id
procurement,purchase_requisitions,approval_history,13,jsonb,,,,YES,'[]'::jsonb,,,,
procurement,purchase_requisitions,requisition_status,14,text,,,,YES,'draft'::text,,,,
procurement,purchase_requisitions,converted_to_po,15,boolean,,,,YES,false,,,,
procurement,purchase_requisitions,po_ids,16,ARRAY,,,,YES,,,,,
procurement,purchase_requisitions,purpose,17,text,,,,YES,,,,,
procurement,purchase_requisitions,notes,18,text,,,,YES,,,,,
procurement,purchase_requisitions,rejection_reason,19,text,,,,YES,,,,,
procurement,purchase_requisitions,created_at,20,timestamp with time zone,,,,YES,CURRENT_TIMESTAMP,,,,
procurement,purchase_requisitions,updated_at,21,timestamp with time zone,,,,YES,CURRENT_TIMESTAMP,,,,
procurement,purchase_return_items,return_item_id,1,integer,,32,,NO,nextval('procurement.purchase_return_items_return_item_id_seq'::regclass),,PK,,
procurement,purchase_return_items,return_id,2,integer,,32,,NO,,,FK,purchase_returns,return_id
procurement,purchase_return_items,grn_item_id,3,integer,,32,,YES,,,FK,grn_items,grn_item_id
procurement,purchase_return_items,product_id,4,integer,,32,,NO,,,FK,products,product_id
procurement,purchase_return_items,batch_id,5,integer,,32,,YES,,,FK,batches,batch_id
procurement,purchase_return_items,batch_number,6,text,,,,NO,,,,,
procurement,purchase_return_items,return_quantity,7,numeric,,15,3,NO,,,,,
procurement,purchase_return_items,uom,8,text,,,,NO,,,,,
procurement,purchase_return_items,unit_price,9,numeric,,15,4,YES,,,,,
procurement,purchase_return_items,return_value,10,numeric,,15,2,YES,,,,,
procurement,purchase_return_items,tax_amount,11,numeric,,15,2,YES,,,,,
procurement,purchase_return_items,item_return_reason,12,text,,,,YES,,,,,
procurement,purchase_return_items,item_status,13,text,,,,YES,'pending'::text,,,,
procurement,purchase_return_items,created_at,14,timestamp with time zone,,,,YES,CURRENT_TIMESTAMP,,,,
procurement,purchase_return_items,disposition,15,text,,,,YES,'RETURN_TO_SUPPLIER'::text,"RETURN_TO_SUPPLIER, DESTROY, QUARANTINE",,,
procurement,purchase_return_items,damaged_quantity,16,numeric,,15,3,YES,0,Quantity that is damaged/unsaleable,,,
procurement,purchase_return_items,saleable_quantity,17,numeric,,15,3,YES,0,Quantity that can be resold if kept,,,
procurement,purchase_return_items,supplier_invoice_item_id,18,integer,,32,,YES,,Reference to supplier invoice line item,FK,supplier_invoice_items,invoice_item_id
procurement,purchase_returns,return_id,1,integer,,32,,NO,nextval('procurement.purchase_returns_return_id_seq'::regclass),,PK,,
procurement,purchase_returns,org_id,2,uuid,,,,NO,,,FK,organizations,org_id
procurement,purchase_returns,branch_id,3,integer,,32,,NO,,,FK,org_branches,branch_id
procurement,purchase_returns,return_number,4,text,,,,NO,,,,,
procurement,purchase_returns,return_date,5,date,,,,NO,CURRENT_DATE,,,,
procurement,purchase_returns,return_type,6,text,,,,NO,,,,,
procurement,purchase_returns,grn_id,7,integer,,32,,YES,,,FK,goods_receipt_notes,grn_id
procurement,purchase_returns,supplier_invoice_id,8,integer,,32,,YES,,,FK,supplier_invoices,supplier_invoice_id
procurement,purchase_returns,supplier_id,9,integer,,32,,NO,,,FK,suppliers,supplier_id
procurement,purchase_returns,return_reason,10,text,,,,NO,,,,,
procurement,purchase_returns,detailed_reason,11,text,,,,YES,,,,,
procurement,purchase_returns,approval_required,12,boolean,,,,YES,true,,,,
procurement,purchase_returns,approval_status,13,text,,,,YES,'pending'::text,,,,
procurement,purchase_returns,approved_by,14,integer,,32,,YES,,,FK,org_users,user_id
procurement,purchase_returns,approved_at,15,timestamp with time zone,,,,YES,,,,,
procurement,purchase_returns,return_amount,16,numeric,,15,2,YES,,,,,
procurement,purchase_returns,tax_amount,17,numeric,,15,2,YES,,,,,
procurement,purchase_returns,total_amount,18,numeric,,15,2,YES,,,,,
procurement,purchase_returns,debit_note_number,19,text,,,,YES,,,,,
procurement,purchase_returns,debit_note_date,20,date,,,,YES,,,,,
procurement,purchase_returns,debit_note_status,21,text,,,,YES,'pending'::text,,,,
procurement,purchase_returns,igst_amount,22,numeric,,15,2,YES,0,,,,
procurement,purchase_returns,cgst_amount,23,numeric,,15,2,YES,0,,,,
procurement,purchase_returns,sgst_amount,24,numeric,,15,2,YES,0,,,,
procurement,purchase_returns,supplier_acknowledged,25,boolean,,,,YES,false,,,,
procurement,purchase_returns,supplier_acknowledgment_date,26,date,,,,YES,,,,,
procurement,purchase_returns,supplier_credit_note_number,27,text,,,,YES,,,,,
procurement,purchase_returns,dispatch_date,28,date,,,,YES,,,,,
procurement,purchase_returns,transport_details,29,jsonb,,,,YES,,,,,
procurement,purchase_returns,adjustment_type,30,text,,,,YES,,,,,
procurement,purchase_returns,adjusted_amount,31,numeric,,15,2,YES,0,,,,
procurement,purchase_returns,pending_amount,32,numeric,,15,2,YES,,,,,
procurement,purchase_returns,notes,33,text,,,,YES,,,,,
procurement,purchase_returns,created_at,34,timestamp with time zone,,,,YES,CURRENT_TIMESTAMP,,,,
procurement,purchase_returns,updated_at,35,timestamp with time zone,,,,YES,CURRENT_TIMESTAMP,,,,
procurement,purchase_returns,created_by,36,integer,,32,,NO,,,FK,org_users,user_id
procurement,supplier_invoice_items,invoice_item_id,1,integer,,32,,NO,nextval('procurement.supplier_invoice_items_invoice_item_id_seq'::regclass),,PK,,
procurement,supplier_invoice_items,supplier_invoice_id,2,integer,,32,,NO,,,FK,supplier_invoices,supplier_invoice_id
procurement,supplier_invoice_items,product_id,3,integer,,32,,NO,,,FK,products,product_id
procurement,supplier_invoice_items,batch_id,4,integer,,32,,YES,,,FK,batches,batch_id
procurement,supplier_invoice_items,batch_number,5,text,,,,YES,,,,,
procurement,supplier_invoice_items,quantity,6,numeric,,18,3,NO,,,,,
procurement,supplier_invoice_items,free_quantity,7,numeric,,18,3,YES,0,,,,
procurement,supplier_invoice_items,unit_price,8,numeric,,15,4,NO,,,,,
procurement,supplier_invoice_items,discount_percent,9,numeric,,5,2,YES,0,,,,
procurement,supplier_invoice_items,discount_amount,10,numeric,,15,2,YES,0,,,,
procurement,supplier_invoice_items,taxable_amount,11,numeric,,15,2,NO,,,,,
procurement,supplier_invoice_items,cgst_percent,12,numeric,,5,2,YES,0,,,,
procurement,supplier_invoice_items,sgst_percent,13,numeric,,5,2,YES,0,,,,
procurement,supplier_invoice_items,igst_percent,14,numeric,,5,2,YES,0,,,,
procurement,supplier_invoice_items,cgst_amount,15,numeric,,15,2,YES,0,,,,
procurement,supplier_invoice_items,sgst_amount,16,numeric,,15,2,YES,0,,,,
procurement,supplier_invoice_items,igst_amount,17,numeric,,15,2,YES,0,,,,
procurement,supplier_invoice_items,total_amount,18,numeric,,15,2,NO,,,,,
procurement,supplier_invoice_items,hsn_code,19,text,,,,YES,,,,,
procurement,supplier_invoice_items,unit,20,text,,,,YES,'PCS'::text,,,,
procurement,supplier_invoice_items,pack_type,21,text,,,,YES,,,,,
procurement,supplier_invoice_items,pack_size,22,integer,,32,,YES,1,,,,
procurement,supplier_invoice_items,quantity_returned,23,numeric,,18,3,YES,0,,,,
procurement,supplier_invoice_items,grn_item_id,24,integer,,32,,YES,,,FK,grn_items,grn_item_id
procurement,supplier_invoice_items,created_at,25,timestamp with time zone,,,,YES,CURRENT_TIMESTAMP,,,,
procurement,supplier_invoice_items,updated_at,26,timestamp with time zone,,,,YES,CURRENT_TIMESTAMP,,,,
procurement,supplier_invoice_return_status,supplier_invoice_id,1,integer,,32,,YES,,,,,
procurement,supplier_invoice_return_status,supplier_invoice_number,2,text,,,,YES,,,,,
procurement,supplier_invoice_return_status,invoice_date,3,date,,,,YES,,,,,
procurement,supplier_invoice_return_status,supplier_id,4,integer,,32,,YES,,,,,
procurement,supplier_invoice_return_status,supplier_name,5,text,,,,YES,,,,,
procurement,supplier_invoice_return_status,invoice_amount,6,numeric,,15,2,YES,,,,,
procurement,supplier_invoice_return_status,return_count,7,bigint,,64,,YES,,,,,
procurement,supplier_invoice_return_status,total_returned_amount,8,numeric,,,,YES,,,,,
procurement,supplier_invoice_return_status,return_status,9,text,,,,YES,,,,,
procurement,supplier_invoice_return_status,remaining_returnable_amount,10,numeric,,,,YES,,,,,
procurement,supplier_invoices,supplier_invoice_id,1,integer,,32,,NO,nextval('procurement.supplier_invoices_supplier_invoice_id_seq'::regclass),,PK,,
procurement,supplier_invoices,org_id,2,uuid,,,,NO,,,FK,organizations,org_id
procurement,supplier_invoices,branch_id,3,integer,,32,,NO,,,FK,org_branches,branch_id
procurement,supplier_invoices,supplier_invoice_number,4,text,,,,NO,,,,,
procurement,supplier_invoices,invoice_date,5,date,,,,NO,,,,,
procurement,supplier_invoices,supplier_id,6,integer,,32,,NO,,,FK,suppliers,supplier_id
procurement,supplier_invoices,purchase_order_ids,7,ARRAY,,,,YES,,,,,
procurement,supplier_invoices,grn_ids,8,ARRAY,,,,YES,,,,,
procurement,supplier_invoices,subtotal_amount,9,numeric,,15,2,NO,,,,,
procurement,supplier_invoices,discount_amount,10,numeric,,15,2,YES,0,,,,
procurement,supplier_invoices,taxable_amount,11,numeric,,15,2,NO,,,,,
procurement,supplier_invoices,igst_amount,12,numeric,,15,2,YES,0,,,,
procurement,supplier_invoices,cgst_amount,13,numeric,,15,2,YES,0,,,,
procurement,supplier_invoices,sgst_amount,14,numeric,,15,2,YES,0,,,,
procurement,supplier_invoices,cess_amount,15,numeric,,15,2,YES,0,,,,
procurement,supplier_invoices,tax_amount,16,numeric,,15,2,NO,,,,,
procurement,supplier_invoices,freight_charges,17,numeric,,15,2,YES,0,,,,
procurement,supplier_invoices,insurance_charges,18,numeric,,15,2,YES,0,,,,
procurement,supplier_invoices,other_charges,19,numeric,,15,2,YES,0,,,,
procurement,supplier_invoices,round_off_amount,20,numeric,,5,2,YES,0,,,,
procurement,supplier_invoices,invoice_total,21,numeric,,15,2,NO,,,,,
procurement,supplier_invoices,tds_applicable,22,boolean,,,,YES,false,,,,
procurement,supplier_invoices,tds_percent,23,numeric,,5,2,YES,,,,,
procurement,supplier_invoices,tds_amount,24,numeric,,15,2,YES,,,,,
procurement,supplier_invoices,payment_terms,25,text,,,,YES,,,,,
procurement,supplier_invoices,due_date,26,date,,,,YES,,,,,
procurement,supplier_invoices,payment_status,27,text,,,,YES,'pending'::text,,,,
procurement,supplier_invoices,paid_amount,28,numeric,,15,2,YES,0,,,,
procurement,supplier_invoices,gstr2a_matched,29,boolean,,,,YES,false,,,,
procurement,supplier_invoices,gstr2a_match_date,30,date,,,,YES,,,,,
procurement,supplier_invoices,itc_eligible,31,boolean,,,,YES,true,,,,
procurement,supplier_invoices,matching_status,32,text,,,,YES,'pending'::text,,,,
procurement,supplier_invoices,invoice_status,33,text,,,,YES,'draft'::text,,,,
procurement,supplier_invoices,verified_by,34,integer,,32,,YES,,,FK,org_users,user_id
procurement,supplier_invoices,verified_at,35,timestamp with time zone,,,,YES,,,,,
procurement,supplier_invoices,approved_by,36,integer,,32,,YES,,,FK,org_users,user_id
procurement,supplier_invoices,approved_at,37,timestamp with time zone,,,,YES,,,,,
procurement,supplier_invoices,notes,38,text,,,,YES,,,,,
procurement,supplier_invoices,rejection_reason,39,text,,,,YES,,,,,
procurement,supplier_invoices,invoice_document_path,40,text,,,,YES,,,,,
procurement,supplier_invoices,supporting_documents,41,jsonb,,,,YES,'[]'::jsonb,,,,
procurement,supplier_invoices,created_at,42,timestamp with time zone,,,,YES,CURRENT_TIMESTAMP,,,,
procurement,supplier_invoices,updated_at,43,timestamp with time zone,,,,YES,CURRENT_TIMESTAMP,,,,
procurement,supplier_invoices,created_by,44,integer,,32,,NO,,,FK,org_users,user_id
procurement,supplier_quotation_items,quotation_item_id,1,integer,,32,,NO,nextval('procurement.supplier_quotation_items_quotation_item_id_seq'::regclass),,PK,,
procurement,supplier_quotation_items,quotation_id,2,integer,,32,,NO,,,FK,supplier_quotations,quotation_id
procurement,supplier_quotation_items,product_id,3,integer,,32,,NO,,,FK,products,product_id
procurement,supplier_quotation_items,quantity,4,numeric,,15,3,NO,,,,,
procurement,supplier_quotation_items,uom,5,text,,,,NO,,,,,
procurement,supplier_quotation_items,unit_price,6,numeric,,15,4,NO,,,,,
procurement,supplier_quotation_items,discount_percent,7,numeric,,5,2,YES,0,,,,
procurement,supplier_quotation_items,free_quantity,8,numeric,,15,3,YES,0,,,,
procurement,supplier_quotation_items,tax_percent,9,numeric,,5,2,YES,,,,,
procurement,supplier_quotation_items,line_total,10,numeric,,15,2,YES,,,,,
procurement,supplier_quotation_items,is_best_price,11,boolean,,,,YES,false,,,,
procurement,supplier_quotation_items,price_variance_percent,12,numeric,,5,2,YES,,,,,
procurement,supplier_quotation_items,item_notes,13,text,,,,YES,,,,,
procurement,supplier_quotation_items,display_order,14,integer,,32,,YES,,,,,
procurement,supplier_quotation_items,created_at,15,timestamp with time zone,,,,YES,CURRENT_TIMESTAMP,,,,
procurement,supplier_quotations,quotation_id,1,integer,,32,,NO,nextval('procurement.supplier_quotations_quotation_id_seq'::regclass),,PK,,
procurement,supplier_quotations,org_id,2,uuid,,,,NO,,,FK,organizations,org_id
procurement,supplier_quotations,quotation_number,3,text,,,,NO,,,,,
procurement,supplier_quotations,quotation_date,4,date,,,,NO,,,,,
procurement,supplier_quotations,supplier_id,5,integer,,32,,NO,,,FK,suppliers,supplier_id
procurement,supplier_quotations,requisition_id,6,integer,,32,,YES,,,FK,purchase_requisitions,requisition_id
procurement,supplier_quotations,rfq_number,7,text,,,,YES,,,,,
procurement,supplier_quotations,valid_until,8,date,,,,YES,,,,,
procurement,supplier_quotations,payment_terms,9,text,,,,YES,,,,,
procurement,supplier_quotations,delivery_terms,10,text,,,,YES,,,,,
procurement,supplier_quotations,other_terms,11,text,,,,YES,,,,,
procurement,supplier_quotations,total_amount,12,numeric,,15,2,YES,,,,,
procurement,supplier_quotations,quotation_status,13,text,,,,YES,'received'::text,,,,
procurement,supplier_quotations,is_best_price,14,boolean,,,,YES,false,,,,
procurement,supplier_quotations,price_rank,15,integer,,32,,YES,,,,,
procurement,supplier_quotations,notes,16,text,,,,YES,,,,,
procurement,supplier_quotations,created_at,17,timestamp with time zone,,,,YES,CURRENT_TIMESTAMP,,,,
procurement,supplier_quotations,updated_at,18,timestamp with time zone,,,,YES,CURRENT_TIMESTAMP,,,,
procurement,supplier_quotations,created_by,19,integer,,32,,NO,,,FK,org_users,user_id
procurement,vendor_performance,performance_id,1,integer,,32,,NO,nextval('procurement.vendor_performance_performance_id_seq'::regclass),,PK,,
procurement,vendor_performance,org_id,2,uuid,,,,NO,,,FK,organizations,org_id
procurement,vendor_performance,supplier_id,3,integer,,32,,NO,,,FK,suppliers,supplier_id
procurement,vendor_performance,evaluation_period,4,text,,,,NO,,,,,
procurement,vendor_performance,period_start,5,date,,,,NO,,,,,
procurement,vendor_performance,period_end,6,date,,,,NO,,,,,
procurement,vendor_performance,total_orders,7,integer,,32,,YES,0,,,,
procurement,vendor_performance,on_time_deliveries,8,integer,,32,,YES,0,,,,
procurement,vendor_performance,late_deliveries,9,integer,,32,,YES,0,,,,
procurement,vendor_performance,on_time_delivery_percent,10,numeric,,5,2,YES,,,,,
procurement,vendor_performance,total_items_received,11,integer,,32,,YES,0,,,,
procurement,vendor_performance,items_rejected,12,integer,,32,,YES,0,,,,
procurement,vendor_performance,rejection_rate_percent,13,numeric,,5,2,YES,,,,,
procurement,vendor_performance,quality_issues_count,14,integer,,32,,YES,0,,,,
procurement,vendor_performance,total_purchase_value,15,numeric,,15,2,YES,0,,,,
procurement,vendor_performance,invoice_accuracy_percent,16,numeric,,5,2,YES,,,,,
procurement,vendor_performance,payment_term_adherence,17,numeric,,5,2,YES,,,,,
procurement,vendor_performance,return_count,18,integer,,32,,YES,0,,,,
procurement,vendor_performance,return_value,19,numeric,,15,2,YES,0,,,,
procurement,vendor_performance,return_rate_percent,20,numeric,,5,2,YES,,,,,
procurement,vendor_performance,delivery_rating,21,numeric,,3,2,YES,,,,,
procurement,vendor_performance,quality_rating,22,numeric,,3,2,YES,,,,,
procurement,vendor_performance,price_rating,23,numeric,,3,2,YES,,,,,
procurement,vendor_performance,service_rating,24,numeric,,3,2,YES,,,,,
procurement,vendor_performance,overall_rating,25,numeric,,3,2,YES,,,,,
procurement,vendor_performance,evaluation_status,26,text,,,,YES,'pending'::text,,,,
procurement,vendor_performance,reviewed_by,27,integer,,32,,YES,,,FK,org_users,user_id
procurement,vendor_performance,reviewed_at,28,timestamp with time zone,,,,YES,,,,,
procurement,vendor_performance,review_notes,29,text,,,,YES,,,,,
procurement,vendor_performance,improvement_areas,30,ARRAY,,,,YES,,,,,
procurement,vendor_performance,action_required,31,boolean,,,,YES,false,,,,
procurement,vendor_performance,created_at,32,timestamp with time zone,,,,YES,CURRENT_TIMESTAMP,,,,
procurement,vendor_performance,updated_at,33,timestamp with time zone,,,,YES,CURRENT_TIMESTAMP,,,,
financial,bank_reconciliation_items,item_id,1,integer,,32,,NO,nextval('financial.bank_reconciliation_items_item_id_seq'::regclass),,PK,,
financial,bank_reconciliation_items,reconciliation_id,2,integer,,32,,NO,,,FK,bank_reconciliations,reconciliation_id
financial,bank_reconciliation_items,transaction_type,3,text,,,,NO,,,,,
financial,bank_reconciliation_items,transaction_id,4,integer,,32,,YES,,,,,
financial,bank_reconciliation_items,transaction_date,5,date,,,,NO,,,,,
financial,bank_reconciliation_items,transaction_amount,6,numeric,,15,2,NO,,,,,
financial,bank_reconciliation_items,is_reconciled,7,boolean,,,,YES,false,,,,
financial,bank_reconciliation_items,reconciled_amount,8,numeric,,15,2,YES,,,,,
financial,bank_reconciliation_items,statement_reference,9,text,,,,YES,,,,,
financial,bank_reconciliation_items,statement_date,10,date,,,,YES,,,,,
financial,bank_reconciliation_items,notes,11,text,,,,YES,,,,,
financial,bank_reconciliation_items,created_at,12,timestamp with time zone,,,,YES,CURRENT_TIMESTAMP,,,,
financial,bank_reconciliations,reconciliation_id,1,integer,,32,,NO,nextval('financial.bank_reconciliations_reconciliation_id_seq'::regclass),,PK,,
financial,bank_reconciliations,org_id,2,uuid,,,,NO,,,FK,organizations,org_id
financial,bank_reconciliations,bank_account_id,3,integer,,32,,NO,,,FK,org_bank_accounts,bank_account_id
financial,bank_reconciliations,reconciliation_date,4,date,,,,NO,,,,,
financial,bank_reconciliations,from_date,5,date,,,,NO,,,,,
financial,bank_reconciliations,to_date,6,date,,,,NO,,,,,
financial,bank_reconciliations,statement_balance,7,numeric,,15,2,NO,,,,,
financial,bank_reconciliations,statement_date,8,date,,,,NO,,,,,
financial,bank_reconciliations,book_balance,9,numeric,,15,2,NO,,,,,
financial,bank_reconciliations,uncleared_deposits,10,numeric,,15,2,YES,0,,,,
financial,bank_reconciliations,uncleared_payments,11,numeric,,15,2,YES,0,,,,
financial,bank_reconciliations,adjusted_book_balance,12,numeric,,15,2,YES,,,,,
financial,bank_reconciliations,difference,13,numeric,,15,2,YES,,,,,
financial,bank_reconciliations,reconciliation_status,14,text,,,,YES,'draft'::text,,,,
financial,bank_reconciliations,completed_by,15,integer,,32,,YES,,,FK,org_users,user_id
financial,bank_reconciliations,completed_at,16,timestamp with time zone,,,,YES,,,,,
financial,bank_reconciliations,approved_by,17,integer,,32,,YES,,,FK,org_users,user_id
financial,bank_reconciliations,approved_at,18,timestamp with time zone,,,,YES,,,,,
financial,bank_reconciliations,notes,19,text,,,,YES,,,,,
financial,bank_reconciliations,created_at,20,timestamp with time zone,,,,YES,CURRENT_TIMESTAMP,,,,
financial,bank_reconciliations,updated_at,21,timestamp with time zone,,,,YES,CURRENT_TIMESTAMP,,,,
financial,bank_reconciliations,created_by,22,integer,,32,,NO,,,FK,org_users,user_id
financial,cash_flow_forecast,forecast_id,1,integer,,32,,NO,nextval('financial.cash_flow_forecast_forecast_id_seq'::regclass),,PK,,
financial,cash_flow_forecast,org_id,2,uuid,,,,NO,,,FK,organizations,org_id
financial,cash_flow_forecast,forecast_date,3,date,,,,NO,,,,,
financial,cash_flow_forecast,forecast_type,4,text,,,,NO,,,,,
financial,cash_flow_forecast,opening_balance,5,numeric,,15,2,NO,,,,,
financial,cash_flow_forecast,customer_collections,6,numeric,,15,2,YES,0,,,,
financial,cash_flow_forecast,other_income,7,numeric,,15,2,YES,0,,,,
financial,cash_flow_forecast,total_inflows,8,numeric,,15,2,YES,0,,,,
financial,cash_flow_forecast,supplier_payments,9,numeric,,15,2,YES,0,,,,
financial,cash_flow_forecast,salary_payments,10,numeric,,15,2,YES,0,,,,
financial,cash_flow_forecast,other_expenses,11,numeric,,15,2,YES,0,,,,
financial,cash_flow_forecast,total_outflows,12,numeric,,15,2,YES,0,,,,
financial,cash_flow_forecast,projected_closing_balance,13,numeric,,15,2,YES,,,,,
financial,cash_flow_forecast,minimum_required_balance,14,numeric,,15,2,YES,,,,,
financial,cash_flow_forecast,surplus_deficit,15,numeric,,15,2,YES,,,,,
financial,cash_flow_forecast,actual_inflows,16,numeric,,15,2,YES,,,,,
financial,cash_flow_forecast,actual_outflows,17,numeric,,15,2,YES,,,,,
financial,cash_flow_forecast,actual_closing_balance,18,numeric,,15,2,YES,,,,,
financial,cash_flow_forecast,variance,19,numeric,,15,2,YES,,,,,
financial,cash_flow_forecast,forecast_status,20,text,,,,YES,'projected'::text,,,,
financial,cash_flow_forecast,notes,21,text,,,,YES,,,,,
financial,cash_flow_forecast,created_at,22,timestamp with time zone,,,,YES,CURRENT_TIMESTAMP,,,,
financial,cash_flow_forecast,updated_at,23,timestamp with time zone,,,,YES,CURRENT_TIMESTAMP,,,,
financial,cash_flow_forecast,created_by,24,integer,,32,,NO,,,FK,org_users,user_id
financial,chart_of_accounts,account_id,1,integer,,32,,NO,nextval('financial.chart_of_accounts_account_id_seq'::regclass),,PK,,
financial,chart_of_accounts,org_id,2,uuid,,,,NO,,,FK,organizations,org_id
financial,chart_of_accounts,parent_account_id,3,integer,,32,,YES,,,FK,chart_of_accounts,account_id
financial,chart_of_accounts,account_code,4,text,,,,NO,,,,,
financial,chart_of_accounts,account_name,5,text,,,,NO,,,,,
financial,chart_of_accounts,account_type,6,text,,,,NO,,,,,
financial,chart_of_accounts,account_subtype,7,text,,,,YES,,,,,
financial,chart_of_accounts,is_group,8,boolean,,,,YES,false,,,,
financial,chart_of_accounts,is_active,9,boolean,,,,YES,true,,,,
financial,chart_of_accounts,is_system_account,10,boolean,,,,YES,false,,,,
financial,chart_of_accounts,normal_balance,11,text,,,,NO,,,,,
financial,chart_of_accounts,current_balance,12,numeric,,15,2,YES,0,,,,
financial,chart_of_accounts,created_at,13,timestamp with time zone,,,,YES,CURRENT_TIMESTAMP,,,,
financial,chart_of_accounts,updated_at,14,timestamp with time zone,,,,YES,CURRENT_TIMESTAMP,,,,
financial,customer_outstanding,outstanding_id,1,integer,,32,,NO,nextval('financial.customer_outstanding_outstanding_id_seq'::regclass),,PK,,
financial,customer_outstanding,org_id,2,uuid,,,,NO,,,FK,organizations,org_id
financial,customer_outstanding,customer_id,3,integer,,32,,NO,,,FK,customers,customer_id
financial,customer_outstanding,document_type,4,text,,,,NO,,,,,
financial,customer_outstanding,document_id,5,integer,,32,,NO,,,,,
financial,customer_outstanding,document_number,6,text,,,,NO,,,,,
financial,customer_outstanding,document_date,7,date,,,,NO,,,,,
financial,customer_outstanding,original_amount,8,numeric,,15,2,NO,,,,,
financial,customer_outstanding,outstanding_amount,9,numeric,,15,2,NO,,,,,
financial,customer_outstanding,paid_amount,10,numeric,,15,2,YES,0,,,,
financial,customer_outstanding,due_date,11,date,,,,YES,,,,,
financial,customer_outstanding,days_overdue,12,integer,,32,,YES,0,,,,
financial,customer_outstanding,aging_bucket,13,text,,,,YES,'current'::text,,,,
financial,customer_outstanding,status,14,text,,,,YES,'open'::text,,,,
financial,customer_outstanding,promised_date,15,date,,,,YES,,,,,
financial,customer_outstanding,follow_up_date,16,date,,,,YES,,,,,
financial,customer_outstanding,collection_notes,17,text,,,,YES,,,,,
financial,customer_outstanding,write_off_amount,18,numeric,,15,2,YES,0,,,,
financial,customer_outstanding,write_off_date,19,date,,,,YES,,,,,
financial,customer_outstanding,write_off_reason,20,text,,,,YES,,,,,
financial,customer_outstanding,created_at,21,timestamp with time zone,,,,YES,CURRENT_TIMESTAMP,,,,
financial,customer_outstanding,updated_at,22,timestamp with time zone,,,,YES,CURRENT_TIMESTAMP,,,,
financial,expense_categories,category_id,1,integer,,32,,NO,nextval('financial.expense_categories_category_id_seq'::regclass),,PK,,
financial,expense_categories,org_id,2,uuid,,,,NO,,,FK,organizations,org_id
financial,expense_categories,parent_category_id,3,integer,,32,,YES,,,FK,expense_categories,category_id
financial,expense_categories,category_code,4,text,,,,NO,,,,,
financial,expense_categories,category_name,5,text,,,,NO,,,,,
financial,expense_categories,expense_account_id,6,integer,,32,,YES,,,FK,chart_of_accounts,account_id
financial,expense_categories,monthly_budget,7,numeric,,15,2,YES,,,,,
financial,expense_categories,quarterly_budget,8,numeric,,15,2,YES,,,,,
financial,expense_categories,annual_budget,9,numeric,,15,2,YES,,,,,
financial,expense_categories,requires_approval,10,boolean,,,,YES,false,,,,
financial,expense_categories,approval_limit,11,numeric,,15,2,YES,,,,,
financial,expense_categories,is_active,12,boolean,,,,YES,true,,,,
financial,expense_categories,created_at,13,timestamp with time zone,,,,YES,CURRENT_TIMESTAMP,,,,
financial,expense_claim_items,claim_item_id,1,integer,,32,,NO,nextval('financial.expense_claim_items_claim_item_id_seq'::regclass),,PK,,
financial,expense_claim_items,claim_id,2,integer,,32,,NO,,,FK,expense_claims,claim_id
financial,expense_claim_items,expense_date,3,date,,,,NO,,,,,
financial,expense_claim_items,category_id,4,integer,,32,,NO,,,FK,expense_categories,category_id
financial,expense_claim_items,expense_description,5,text,,,,NO,,,,,
financial,expense_claim_items,claimed_amount,6,numeric,,15,2,NO,,,,,
financial,expense_claim_items,approved_amount,7,numeric,,15,2,YES,,,,,
financial,expense_claim_items,bill_number,8,text,,,,YES,,,,,
financial,expense_claim_items,bill_date,9,date,,,,YES,,,,,
financial,expense_claim_items,vendor_name,10,text,,,,YES,,,,,
financial,expense_claim_items,attachment_path,11,text,,,,YES,,,,,
financial,expense_claim_items,item_status,12,text,,,,YES,'pending'::text,,,,
financial,expense_claim_items,rejection_reason,13,text,,,,YES,,,,,
financial,expense_claim_items,notes,14,text,,,,YES,,,,,
financial,expense_claim_items,display_order,15,integer,,32,,YES,,,,,
financial,expense_claim_items,created_at,16,timestamp with time zone,,,,YES,CURRENT_TIMESTAMP,,,,
financial,expense_claims,claim_id,1,integer,,32,,NO,nextval('financial.expense_claims_claim_id_seq'::regclass),,PK,,
financial,expense_claims,org_id,2,uuid,,,,NO,,,FK,organizations,org_id
financial,expense_claims,claim_number,3,text,,,,NO,,,,,
financial,expense_claims,claim_date,4,date,,,,NO,,,,,
financial,expense_claims,employee_id,5,integer,,32,,NO,,,FK,org_users,user_id
financial,expense_claims,department,6,text,,,,YES,,,,,
financial,expense_claims,expense_from_date,7,date,,,,YES,,,,,
financial,expense_claims,expense_to_date,8,date,,,,YES,,,,,
financial,expense_claims,total_amount,9,numeric,,15,2,NO,,,,,
financial,expense_claims,approved_amount,10,numeric,,15,2,YES,,,,,
financial,expense_claims,advance_amount,11,numeric,,15,2,YES,0,,,,
financial,expense_claims,payable_amount,12,numeric,,15,2,YES,,,,,
financial,expense_claims,claim_status,13,text,,,,YES,'draft'::text,,,,
financial,expense_claims,submitted_date,14,date,,,,YES,,,,,
financial,expense_claims,current_approver_id,15,integer,,32,,YES,,,FK,org_users,user_id
financial,expense_claims,approval_history,16,jsonb,,,,YES,'[]'::jsonb,,,,
financial,expense_claims,payment_status,17,text,,,,YES,'pending'::text,,,,
financial,expense_claims,payment_id,18,integer,,32,,YES,,,FK,payments,payment_id
financial,expense_claims,paid_date,19,date,,,,YES,,,,,
financial,expense_claims,purpose,20,text,,,,YES,,,,,
financial,expense_claims,notes,21,text,,,,YES,,,,,
financial,expense_claims,rejection_reason,22,text,,,,YES,,,,,
financial,expense_claims,created_at,23,timestamp with time zone,,,,YES,CURRENT_TIMESTAMP,,,,
financial,expense_claims,updated_at,24,timestamp with time zone,,,,YES,CURRENT_TIMESTAMP,,,,
financial,journal_entries,journal_id,1,integer,,32,,NO,nextval('financial.journal_entries_journal_id_seq'::regclass),,PK,,
financial,journal_entries,org_id,2,uuid,,,,NO,,,FK,organizations,org_id
financial,journal_entries,branch_id,3,integer,,32,,NO,,,FK,org_branches,branch_id
financial,journal_entries,journal_number,4,text,,,,NO,,,,,
financial,journal_entries,journal_date,5,date,,,,NO,,,,,
financial,journal_entries,journal_type,6,text,,,,NO,,,,,
financial,journal_entries,reference_type,7,text,,,,YES,,,,,
financial,journal_entries,reference_id,8,integer,,32,,YES,,,,,
financial,journal_entries,reference_number,9,text,,,,YES,,,,,
financial,journal_entries,entry_status,10,text,,,,YES,'draft'::text,,,,
financial,journal_entries,posted_by,11,integer,,32,,YES,,,FK,org_users,user_id
financial,journal_entries,posted_at,12,timestamp with time zone,,,,YES,,,,,
financial,journal_entries,is_reversal,13,boolean,,,,YES,false,,,,
financial,journal_entries,reversal_of_journal_id,14,integer,,32,,YES,,,FK,journal_entries,journal_id
financial,journal_entries,narration,15,text,,,,YES,,,,,
financial,journal_entries,created_at,16,timestamp with time zone,,,,YES,CURRENT_TIMESTAMP,,,,
financial,journal_entries,created_by,17,integer,,32,,NO,,,FK,org_users,user_id
financial,journal_entry_lines,line_id,1,integer,,32,,NO,nextval('financial.journal_entry_lines_line_id_seq'::regclass),,PK,,
financial,journal_entry_lines,journal_id,2,integer,,32,,NO,,,FK,journal_entries,journal_id
financial,journal_entry_lines,account_code,3,text,,,,NO,,,,,
financial,journal_entry_lines,account_name,4,text,,,,NO,,,,,
financial,journal_entry_lines,debit_amount,5,numeric,,15,2,YES,0,,,,
financial,journal_entry_lines,credit_amount,6,numeric,,15,2,YES,0,,,,
financial,journal_entry_lines,party_type,7,text,,,,YES,,,,,
financial,journal_entry_lines,party_id,8,integer,,32,,YES,,,,,
financial,journal_entry_lines,cost_center_id,9,integer,,32,,YES,,,,,
financial,journal_entry_lines,line_narration,10,text,,,,YES,,,,,
financial,journal_entry_lines,display_order,11,integer,,32,,YES,,,,,
financial,payment_allocations,allocation_id,1,integer,,32,,NO,nextval('financial.payment_allocations_allocation_id_seq'::regclass),,PK,,
financial,payment_allocations,payment_id,2,integer,,32,,NO,,,FK,payments,payment_id
financial,payment_allocations,reference_type,3,text,,,,NO,,,,,
financial,payment_allocations,reference_id,4,integer,,32,,NO,,,,,
financial,payment_allocations,reference_number,5,text,,,,NO,,,,,
financial,payment_allocations,allocated_amount,6,numeric,,15,2,NO,,,,,
financial,payment_allocations,discount_amount,7,numeric,,15,2,YES,0,,,,
financial,payment_allocations,write_off_amount,8,numeric,,15,2,YES,0,,,,
financial,payment_allocations,allocation_status,9,text,,,,YES,'active'::text,,,,
financial,payment_allocations,reversed_by,10,integer,,32,,YES,,,FK,org_users,user_id
financial,payment_allocations,reversed_at,11,timestamp with time zone,,,,YES,,,,,
financial,payment_allocations,reversal_reason,12,text,,,,YES,,,,,
financial,payment_allocations,created_at,13,timestamp with time zone,,,,YES,CURRENT_TIMESTAMP,,,,
financial,payment_allocations,created_by,14,integer,,32,,NO,,,FK,org_users,user_id
financial,payment_methods,payment_method_id,1,integer,,32,,NO,nextval('financial.payment_methods_payment_method_id_seq'::regclass),,PK,,
financial,payment_methods,org_id,2,uuid,,,,NO,,,FK,organizations,org_id
financial,payment_methods,method_code,3,text,,,,NO,,,,,
financial,payment_methods,method_name,4,text,,,,NO,,,,,
financial,payment_methods,method_type,5,text,,,,NO,,,,,
financial,payment_methods,requires_reference,6,boolean,,,,YES,false,,,,
financial,payment_methods,requires_approval,7,boolean,,,,YES,false,,,,
financial,payment_methods,default_bank_account_id,8,integer,,32,,YES,,,FK,org_bank_accounts,bank_account_id
financial,payment_methods,processing_days,9,integer,,32,,YES,0,,,,
financial,payment_methods,transaction_charge_percent,10,numeric,,5,2,YES,0,,,,
financial,payment_methods,transaction_charge_fixed,11,numeric,,15,2,YES,0,,,,
financial,payment_methods,is_active,12,boolean,,,,YES,true,,,,
financial,payment_methods,created_at,13,timestamp with time zone,,,,YES,CURRENT_TIMESTAMP,,,,
financial,payments,payment_id,1,integer,,32,,NO,nextval('financial.payments_payment_id_seq'::regclass),,PK,,
financial,payments,org_id,2,uuid,,,,NO,,,FK,organizations,org_id
financial,payments,branch_id,3,integer,,32,,NO,,,FK,org_branches,branch_id
financial,payments,payment_number,4,text,,,,NO,,,,,
financial,payments,payment_date,5,date,,,,NO,CURRENT_DATE,,,,
financial,payments,payment_type,6,text,,,,NO,,,,,
financial,payments,party_type,7,text,,,,NO,,,,,
financial,payments,party_id,8,integer,,32,,YES,,,,,
financial,payments,party_name,9,text,,,,NO,,,,,
financial,payments,payment_amount,10,numeric,,15,2,NO,,,,,
financial,payments,payment_method_id,11,integer,,32,,NO,,,FK,payment_methods,payment_method_id
financial,payments,reference_number,12,text,,,,YES,,,,,
financial,payments,reference_date,13,date,,,,YES,,,,,
financial,payments,bank_account_id,14,integer,,32,,YES,,,FK,org_bank_accounts,bank_account_id
financial,payments,deposited_at_bank,15,text,,,,YES,,,,,
financial,payments,payment_status,16,text,,,,YES,'pending'::text,,,,
financial,payments,clearance_date,17,date,,,,YES,,,,,
financial,payments,requires_approval,18,boolean,,,,YES,false,,,,
financial,payments,approved_by,19,integer,,32,,YES,,,FK,org_users,user_id
financial,payments,approved_at,20,timestamp with time zone,,,,YES,,,,,
financial,payments,allocation_status,21,text,,,,YES,'unallocated'::text,,,,
financial,payments,allocated_amount,22,numeric,,15,2,YES,0,,,,
financial,payments,unallocated_amount,23,numeric,,15,2,YES,,,,,
financial,payments,narration,24,text,,,,YES,,,,,
financial,payments,internal_notes,25,text,,,,YES,,,,,
financial,payments,is_pdc,26,boolean,,,,YES,false,,,,
financial,payments,pdc_status,27,text,,,,YES,,,,,
financial,payments,is_cancelled,28,boolean,,,,YES,false,,,,
financial,payments,cancellation_reason,29,text,,,,YES,,,,,
financial,payments,cancelled_by,30,integer,,32,,YES,,,FK,org_users,user_id
financial,payments,cancelled_at,31,timestamp with time zone,,,,YES,,,,,
financial,payments,created_at,32,timestamp with time zone,,,,YES,CURRENT_TIMESTAMP,,,,
financial,payments,updated_at,33,timestamp with time zone,,,,YES,CURRENT_TIMESTAMP,,,,
financial,payments,created_by,34,integer,,32,,NO,,,FK,org_users,user_id
financial,payments,reconciliation_id,35,integer,,32,,YES,,,,,
financial,pdc_management,pdc_id,1,integer,,32,,NO,nextval('financial.pdc_management_pdc_id_seq'::regclass),,PK,,
financial,pdc_management,org_id,2,uuid,,,,NO,,,FK,organizations,org_id
financial,pdc_management,payment_id,3,integer,,32,,YES,,,FK,payments,payment_id
financial,pdc_management,cheque_number,4,text,,,,NO,,,,,
financial,pdc_management,cheque_date,5,date,,,,NO,,,,,
financial,pdc_management,bank_name,6,text,,,,NO,,,,,
financial,pdc_management,party_type,7,text,,,,NO,,,,,
financial,pdc_management,party_id,8,integer,,32,,NO,,,,,
financial,pdc_management,party_name,9,text,,,,NO,,,,,
financial,pdc_management,cheque_amount,10,numeric,,15,2,NO,,,,,
financial,pdc_management,pdc_type,11,text,,,,NO,,,,,
financial,pdc_management,pdc_status,12,text,,,,YES,'pending'::text,,,,
financial,pdc_management,deposit_date,13,date,,,,YES,,,,,
financial,pdc_management,clearance_date,14,date,,,,YES,,,,,
financial,pdc_management,bounce_count,15,integer,,32,,YES,0,,,,
financial,pdc_management,bounce_charges,16,numeric,,15,2,YES,0,,,,
financial,pdc_management,bounce_reason,17,text,,,,YES,,,,,
financial,pdc_management,cheque_location,18,text,,,,YES,'in_hand'::text,,,,
financial,pdc_management,notes,19,text,,,,YES,,,,,
financial,pdc_management,created_at,20,timestamp with time zone,,,,YES,CURRENT_TIMESTAMP,,,,
financial,pdc_management,updated_at,21,timestamp with time zone,,,,YES,CURRENT_TIMESTAMP,,,,
financial,pdc_management,created_by,22,integer,,32,,NO,,,FK,org_users,user_id
financial,supplier_outstanding,outstanding_id,1,integer,,32,,NO,nextval('financial.supplier_outstanding_outstanding_id_seq'::regclass),,PK,,
financial,supplier_outstanding,org_id,2,uuid,,,,NO,,,FK,organizations,org_id
financial,supplier_outstanding,supplier_id,3,integer,,32,,NO,,,FK,suppliers,supplier_id
financial,supplier_outstanding,document_type,4,text,,,,NO,,,,,
financial,supplier_outstanding,document_id,5,integer,,32,,NO,,,,,
financial,supplier_outstanding,document_number,6,text,,,,NO,,,,,
financial,supplier_outstanding,document_date,7,date,,,,NO,,,,,
financial,supplier_outstanding,original_amount,8,numeric,,15,2,NO,,,,,
financial,supplier_outstanding,outstanding_amount,9,numeric,,15,2,NO,,,,,
financial,supplier_outstanding,paid_amount,10,numeric,,15,2,YES,0,,,,
financial,supplier_outstanding,due_date,11,date,,,,YES,,,,,
financial,supplier_outstanding,days_until_due,12,integer,,32,,YES,0,,,,
financial,supplier_outstanding,status,13,text,,,,YES,'open'::text,,,,
financial,supplier_outstanding,planned_payment_date,14,date,,,,YES,,,,,
financial,supplier_outstanding,payment_priority,15,text,,,,YES,'normal'::text,,,,
financial,supplier_outstanding,created_at,16,timestamp with time zone,,,,YES,CURRENT_TIMESTAMP,,,,
financial,supplier_outstanding,updated_at,17,timestamp with time zone,,,,YES,CURRENT_TIMESTAMP,,,,
financial,unmatched_transactions,transaction_id,1,integer,,32,,NO,nextval('financial.unmatched_transactions_transaction_id_seq'::regclass),,PK,,
financial,unmatched_transactions,reconciliation_id,2,integer,,32,,YES,,,FK,bank_reconciliations,reconciliation_id
financial,unmatched_transactions,transaction_date,3,date,,,,NO,,,,,
financial,unmatched_transactions,description,4,text,,,,YES,,,,,
financial,unmatched_transactions,amount,5,numeric,,15,2,NO,,,,,
financial,unmatched_transactions,transaction_type,6,text,,,,YES,,,,,
financial,unmatched_transactions,created_at,7,timestamp with time zone,,,,YES,CURRENT_TIMESTAMP,,,,
gst,advance_receipts,advance_id,1,integer,,32,,NO,nextval('gst.advance_receipts_advance_id_seq'::regclass),,PK,,
gst,advance_receipts,org_id,2,integer,,32,,NO,,,,,
gst,advance_receipts,branch_id,3,integer,,32,,YES,,,,,
gst,advance_receipts,customer_id,4,integer,,32,,YES,,,,,
gst,advance_receipts,receipt_date,5,date,,,,YES,,,,,
gst,advance_receipts,advance_amount,6,numeric,,15,2,YES,,,,,
gst,advance_receipts,place_of_supply,7,text,,,,YES,,,,,
gst,advance_receipts,gst_rate,8,numeric,,5,2,YES,,,,,
gst,advance_receipts,igst_amount,9,numeric,,15,2,YES,,,,,
gst,advance_receipts,cgst_amount,10,numeric,,15,2,YES,,,,,
gst,advance_receipts,sgst_amount,11,numeric,,15,2,YES,,,,,
gst,advance_receipts,cess_amount,12,numeric,,15,2,YES,,,,,
gst,advance_receipts,adjustment_status,13,text,,,,YES,'pending'::text,,,,
gst,advance_receipts,created_at,14,timestamp without time zone,,,,YES,CURRENT_TIMESTAMP,,,,
gst,compliance_calendar,calendar_id,1,integer,,32,,NO,nextval('gst.compliance_calendar_calendar_id_seq'::regclass),,PK,,
gst,compliance_calendar,org_id,2,uuid,,,,NO,,,FK,organizations,org_id
gst,compliance_calendar,compliance_type,3,text,,,,NO,,,,,
gst,compliance_calendar,period,4,text,,,,NO,,,,,
gst,compliance_calendar,due_date,5,date,,,,NO,,,,,
gst,compliance_calendar,extended_due_date,6,date,,,,YES,,,,,
gst,compliance_calendar,compliance_status,7,text,,,,YES,'pending'::text,,,,
gst,compliance_calendar,completed_date,8,date,,,,YES,,,,,
gst,compliance_calendar,reminder_days,9,ARRAY,,,,YES,"'{7,3,1}'::integer[]",,,,
gst,compliance_calendar,reminders_sent,10,integer,,32,,YES,0,,,,
gst,compliance_calendar,last_reminder_date,11,date,,,,YES,,,,,
gst,compliance_calendar,assigned_to,12,integer,,32,,YES,,,FK,org_users,user_id
gst,compliance_calendar,notes,13,text,,,,YES,,,,,
gst,compliance_calendar,created_at,14,timestamp with time zone,,,,YES,CURRENT_TIMESTAMP,,,,
gst,compliance_calendar,updated_at,15,timestamp with time zone,,,,YES,CURRENT_TIMESTAMP,,,,
gst,eway_bills,eway_bill_id,1,integer,,32,,NO,nextval('gst.eway_bills_eway_bill_id_seq'::regclass),,PK,,
gst,eway_bills,org_id,2,uuid,,,,NO,,,FK,organizations,org_id
gst,eway_bills,eway_bill_number,3,text,,,,YES,,,,,
gst,eway_bills,eway_bill_date,4,date,,,,NO,,,,,
gst,eway_bills,document_type,5,text,,,,NO,,,,,
gst,eway_bills,document_id,6,integer,,32,,NO,,,,,
gst,eway_bills,document_number,7,text,,,,NO,,,,,
gst,eway_bills,supply_type,8,text,,,,NO,,,,,
gst,eway_bills,sub_supply_type,9,text,,,,NO,,,,,
gst,eway_bills,from_gstin,10,text,,,,NO,,,,,
gst,eway_bills,from_address,11,text,,,,NO,,,,,
gst,eway_bills,from_place,12,text,,,,NO,,,,,
gst,eway_bills,from_pincode,13,text,,,,NO,,,,,
gst,eway_bills,from_state_code,14,text,,,,NO,,,,,
gst,eway_bills,to_gstin,15,text,,,,YES,,,,,
gst,eway_bills,to_address,16,text,,,,NO,,,,,
gst,eway_bills,to_place,17,text,,,,NO,,,,,
gst,eway_bills,to_pincode,18,text,,,,NO,,,,,
gst,eway_bills,to_state_code,19,text,,,,NO,,,,,
gst,eway_bills,total_value,20,numeric,,15,2,NO,,,,,
gst,eway_bills,taxable_value,21,numeric,,15,2,NO,,,,,
gst,eway_bills,cgst_value,22,numeric,,15,2,YES,0,,,,
gst,eway_bills,sgst_value,23,numeric,,15,2,YES,0,,,,
gst,eway_bills,igst_value,24,numeric,,15,2,YES,0,,,,
gst,eway_bills,cess_value,25,numeric,,15,2,YES,0,,,,
gst,eway_bills,transport_mode,26,text,,,,NO,,,,,
gst,eway_bills,transport_distance,27,integer,,32,,YES,,,,,
gst,eway_bills,transporter_name,28,text,,,,YES,,,,,
gst,eway_bills,transporter_id,29,text,,,,YES,,,,,
gst,eway_bills,transport_doc_number,30,text,,,,YES,,,,,
gst,eway_bills,transport_doc_date,31,date,,,,YES,,,,,
gst,eway_bills,vehicle_number,32,text,,,,YES,,,,,
gst,eway_bills,vehicle_type,33,text,,,,YES,,,,,
gst,eway_bills,valid_from,34,timestamp with time zone,,,,NO,,,,,
gst,eway_bills,valid_until,35,timestamp with time zone,,,,NO,,,,,
gst,eway_bills,eway_bill_status,36,text,,,,YES,'active'::text,,,,
gst,eway_bills,cancellation_reason,37,text,,,,YES,,,,,
gst,eway_bills,cancelled_date,38,timestamp with time zone,,,,YES,,,,,
gst,eway_bills,extended,39,boolean,,,,YES,false,,,,
gst,eway_bills,extension_reason,40,text,,,,YES,,,,,
gst,eway_bills,extended_validity,41,timestamp with time zone,,,,YES,,,,,
gst,eway_bills,created_at,42,timestamp with time zone,,,,YES,CURRENT_TIMESTAMP,,,,
gst,eway_bills,created_by,43,integer,,32,,NO,,,FK,org_users,user_id
gst,gst_audit_trail,audit_id,1,integer,,32,,NO,nextval('gst.gst_audit_trail_audit_id_seq'::regclass),,PK,,
gst,gst_audit_trail,org_id,2,uuid,,,,NO,,,FK,organizations,org_id
gst,gst_audit_trail,activity_date,3,timestamp with time zone,,,,YES,CURRENT_TIMESTAMP,,,,
gst,gst_audit_trail,activity_type,4,text,,,,NO,,,,,
gst,gst_audit_trail,return_type,5,text,,,,YES,,,,,
gst,gst_audit_trail,return_period,6,text,,,,YES,,,,,
gst,gst_audit_trail,reference_number,7,text,,,,YES,,,,,
gst,gst_audit_trail,activity_description,8,text,,,,NO,,,,,
gst,gst_audit_trail,old_values,9,jsonb,,,,YES,,,,,
gst,gst_audit_trail,new_values,10,jsonb,,,,YES,,,,,
gst,gst_audit_trail,performed_by,11,integer,,32,,NO,,,FK,org_users,user_id
gst,gst_audit_trail,ip_address,12,inet,,,,YES,,,,,
gst,gst_audit_trail,user_agent,13,text,,,,YES,,,,,
gst,gst_audit_trail,activity_status,14,text,,,,YES,'success'::text,,,,
gst,gst_audit_trail,error_message,15,text,,,,YES,,,,,
gst,gst_audit_trail,created_at,16,timestamp with time zone,,,,YES,CURRENT_TIMESTAMP,,,,
gst,gst_credit_ledger,ledger_id,1,integer,,32,,NO,nextval('gst.gst_credit_ledger_ledger_id_seq'::regclass),,PK,,
gst,gst_credit_ledger,org_id,2,uuid,,,,NO,,,FK,organizations,org_id
gst,gst_credit_ledger,transaction_date,3,date,,,,NO,,,,,
gst,gst_credit_ledger,transaction_type,4,text,,,,NO,,,,,
gst,gst_credit_ledger,reference_type,5,text,,,,YES,,,,,
gst,gst_credit_ledger,reference_id,6,integer,,32,,YES,,,,,
gst,gst_credit_ledger,reference_number,7,text,,,,YES,,,,,
gst,gst_credit_ledger,description,8,text,,,,NO,,,,,
gst,gst_credit_ledger,igst_amount,9,numeric,,15,2,YES,0,,,,
gst,gst_credit_ledger,cgst_amount,10,numeric,,15,2,YES,0,,,,
gst,gst_credit_ledger,sgst_amount,11,numeric,,15,2,YES,0,,,,
gst,gst_credit_ledger,cess_amount,12,numeric,,15,2,YES,0,,,,
gst,gst_credit_ledger,igst_balance,13,numeric,,15,2,YES,0,,,,
gst,gst_credit_ledger,cgst_balance,14,numeric,,15,2,YES,0,,,,
gst,gst_credit_ledger,sgst_balance,15,numeric,,15,2,YES,0,,,,
gst,gst_credit_ledger,cess_balance,16,numeric,,15,2,YES,0,,,,
gst,gst_credit_ledger,created_at,17,timestamp with time zone,,,,YES,CURRENT_TIMESTAMP,,,,
gst,gst_credit_ledger,created_by,18,integer,,32,,NO,,,FK,org_users,user_id
gst,gst_liability,liability_id,1,integer,,32,,NO,nextval('gst.gst_liability_liability_id_seq'::regclass),,PK,,
gst,gst_liability,org_id,2,uuid,,,,NO,,,FK,organizations,org_id
gst,gst_liability,tax_period,3,text,,,,NO,,,,,
gst,gst_liability,due_date,4,date,,,,NO,,,,,
gst,gst_liability,igst_liability,5,numeric,,15,2,YES,0,,,,
gst,gst_liability,cgst_liability,6,numeric,,15,2,YES,0,,,,
gst,gst_liability,sgst_liability,7,numeric,,15,2,YES,0,,,,
gst,gst_liability,cess_liability,8,numeric,,15,2,YES,0,,,,
gst,gst_liability,igst_itc_available,9,numeric,,15,2,YES,0,,,,
gst,gst_liability,cgst_itc_available,10,numeric,,15,2,YES,0,,,,
gst,gst_liability,sgst_itc_available,11,numeric,,15,2,YES,0,,,,
gst,gst_liability,cess_itc_available,12,numeric,,15,2,YES,0,,,,
gst,gst_liability,igst_itc_utilized,13,numeric,,15,2,YES,0,,,,
gst,gst_liability,cgst_itc_utilized,14,numeric,,15,2,YES,0,,,,
gst,gst_liability,sgst_itc_utilized,15,numeric,,15,2,YES,0,,,,
gst,gst_liability,cess_itc_utilized,16,numeric,,15,2,YES,0,,,,
gst,gst_liability,igst_cash_required,17,numeric,,15,2,YES,0,,,,
gst,gst_liability,cgst_cash_required,18,numeric,,15,2,YES,0,,,,
gst,gst_liability,sgst_cash_required,19,numeric,,15,2,YES,0,,,,
gst,gst_liability,cess_cash_required,20,numeric,,15,2,YES,0,,,,
gst,gst_liability,interest_amount,21,numeric,,15,2,YES,0,,,,
gst,gst_liability,late_fee,22,numeric,,15,2,YES,0,,,,
gst,gst_liability,total_liability,23,numeric,,15,2,YES,0,,,,
gst,gst_liability,balance_payable,24,numeric,,15,2,YES,0,,,,
gst,gst_liability,payment_status,25,text,,,,YES,'pending'::text,,,,
gst,gst_liability,paid_amount,26,numeric,,15,2,YES,0,,,,
gst,gst_liability,payment_date,27,date,,,,YES,,,,,
gst,gst_liability,payment_reference,28,text,,,,YES,,,,,
gst,gst_liability,created_at,29,timestamp with time zone,,,,YES,CURRENT_TIMESTAMP,,,,
gst,gst_liability,updated_at,30,timestamp with time zone,,,,YES,CURRENT_TIMESTAMP,,,,
gst,gst_rates,rate_id,1,integer,,32,,NO,nextval('gst.gst_rates_rate_id_seq'::regclass),,PK,,
gst,gst_rates,org_id,2,uuid,,,,NO,,,FK,organizations,org_id
gst,gst_rates,product_id,3,integer,,32,,YES,,,FK,products,product_id
gst,gst_rates,product_category_id,4,integer,,32,,YES,,,FK,product_categories,category_id
gst,gst_rates,igst_rate,5,numeric,,5,2,NO,,,,,
gst,gst_rates,cgst_rate,6,numeric,,5,2,NO,,,,,
gst,gst_rates,sgst_rate,7,numeric,,5,2,NO,,,,,
gst,gst_rates,cess_rate,8,numeric,,5,2,YES,0,,,,
gst,gst_rates,effective_from,9,date,,,,NO,,,,,
gst,gst_rates,effective_until,10,date,,,,YES,,,,,
gst,gst_rates,notification_number,11,text,,,,YES,,,,,
gst,gst_rates,notification_date,12,date,,,,YES,,,,,
gst,gst_rates,is_active,13,boolean,,,,YES,true,,,,
gst,gst_rates,created_at,14,timestamp with time zone,,,,YES,CURRENT_TIMESTAMP,,,,
gst,gst_rates,created_by,15,integer,,32,,YES,,,FK,org_users,user_id
gst,gst_reconciliation,reconciliation_id,1,integer,,32,,NO,nextval('gst.gst_reconciliation_reconciliation_id_seq'::regclass),,PK,,
gst,gst_reconciliation,org_id,2,uuid,,,,NO,,,FK,organizations,org_id
gst,gst_reconciliation,reconciliation_type,3,text,,,,NO,,,,,
gst,gst_reconciliation,period,4,text,,,,NO,,,,,
gst,gst_reconciliation,books_data,5,jsonb,,,,NO,,,,,
gst,gst_reconciliation,gst_return_data,6,jsonb,,,,NO,,,,,
gst,gst_reconciliation,invoice_count_variance,7,integer,,32,,YES,0,,,,
gst,gst_reconciliation,taxable_value_variance,8,numeric,,15,2,YES,0,,,,
gst,gst_reconciliation,tax_variance,9,numeric,,15,2,YES,0,,,,
gst,gst_reconciliation,matched_items,10,jsonb,,,,YES,'[]'::jsonb,,,,
gst,gst_reconciliation,unmatched_in_books,11,jsonb,,,,YES,'[]'::jsonb,,,,
gst,gst_reconciliation,unmatched_in_return,12,jsonb,,,,YES,'[]'::jsonb,,,,
gst,gst_reconciliation,reconciliation_status,13,text,,,,YES,'pending'::text,,,,
gst,gst_reconciliation,actions_taken,14,jsonb,,,,YES,'[]'::jsonb,,,,
gst,gst_reconciliation,reviewed_by,15,integer,,32,,YES,,,FK,org_users,user_id
gst,gst_reconciliation,reviewed_at,16,timestamp with time zone,,,,YES,,,,,
gst,gst_reconciliation,notes,17,text,,,,YES,,,,,
gst,gst_reconciliation,created_at,18,timestamp with time zone,,,,YES,CURRENT_TIMESTAMP,,,,
gst,gst_reconciliation,updated_at,19,timestamp with time zone,,,,YES,CURRENT_TIMESTAMP,,,,
gst,gst_reconciliation,created_by,20,integer,,32,,NO,,,FK,org_users,user_id
gst,gstr1_data,gstr1_id,1,integer,,32,,NO,nextval('gst.gstr1_data_gstr1_id_seq'::regclass),,PK,,
gst,gstr1_data,org_id,2,uuid,,,,NO,,,FK,organizations,org_id
gst,gstr1_data,return_period,3,text,,,,NO,,,,,
gst,gstr1_data,financial_year,4,text,,,,NO,,,,,
gst,gstr1_data,b2b_supplies,5,jsonb,,,,YES,'[]'::jsonb,,,,
gst,gstr1_data,b2b_invoice_count,6,integer,,32,,YES,0,,,,
gst,gstr1_data,b2b_taxable_value,7,numeric,,15,2,YES,0,,,,
gst,gstr1_data,b2b_tax_amount,8,numeric,,15,2,YES,0,,,,
gst,gstr1_data,b2cl_supplies,9,jsonb,,,,YES,'[]'::jsonb,,,,
gst,gstr1_data,b2cl_invoice_count,10,integer,,32,,YES,0,,,,
gst,gstr1_data,b2cl_taxable_value,11,numeric,,15,2,YES,0,,,,
gst,gstr1_data,b2cl_tax_amount,12,numeric,,15,2,YES,0,,,,
gst,gstr1_data,b2cs_taxable_value,13,numeric,,15,2,YES,0,,,,
gst,gstr1_data,b2cs_tax_amount,14,numeric,,15,2,YES,0,,,,
gst,gstr1_data,cdn_documents,15,jsonb,,,,YES,'[]'::jsonb,,,,
gst,gstr1_data,cdn_count,16,integer,,32,,YES,0,,,,
gst,gstr1_data,cdn_taxable_value,17,numeric,,15,2,YES,0,,,,
gst,gstr1_data,cdn_tax_amount,18,numeric,,15,2,YES,0,,,,
gst,gstr1_data,exp_supplies,19,jsonb,,,,YES,'[]'::jsonb,,,,
gst,gstr1_data,exp_invoice_count,20,integer,,32,,YES,0,,,,
gst,gstr1_data,exp_taxable_value,21,numeric,,15,2,YES,0,,,,
gst,gstr1_data,nil_rated_supplies,22,jsonb,,,,YES,'{}'::jsonb,,,,
gst,gstr1_data,hsn_summary,23,jsonb,,,,YES,'[]'::jsonb,,,,
gst,gstr1_data,doc_summary,24,jsonb,,,,YES,'{}'::jsonb,,,,
gst,gstr1_data,total_taxable_value,25,numeric,,15,2,YES,0,,,,
gst,gstr1_data,total_tax_amount,26,numeric,,15,2,YES,0,,,,
gst,gstr1_data,filing_status,27,text,,,,YES,'draft'::text,,,,
gst,gstr1_data,filed_date,28,date,,,,YES,,,,,
gst,gstr1_data,arn_number,29,text,,,,YES,,,,,
gst,gstr1_data,created_at,30,timestamp with time zone,,,,YES,CURRENT_TIMESTAMP,,,,
gst,gstr1_data,updated_at,31,timestamp with time zone,,,,YES,CURRENT_TIMESTAMP,,,,
gst,gstr1_data,created_by,32,integer,,32,,YES,,,FK,org_users,user_id
gst,gstr2a_data,gstr2a_id,1,integer,,32,,NO,nextval('gst.gstr2a_data_gstr2a_id_seq'::regclass),,PK,,
gst,gstr2a_data,org_id,2,uuid,,,,NO,,,FK,organizations,org_id
gst,gstr2a_data,return_period,3,text,,,,NO,,,,,
gst,gstr2a_data,downloaded_date,4,date,,,,NO,,,,,
gst,gstr2a_data,download_status,5,text,,,,YES,'success'::text,,,,
gst,gstr2a_data,b2b_invoices,6,jsonb,,,,YES,'[]'::jsonb,,,,
gst,gstr2a_data,b2b_count,7,integer,,32,,YES,0,,,,
gst,gstr2a_data,b2b_taxable_value,8,numeric,,15,2,YES,0,,,,
gst,gstr2a_data,b2b_tax_amount,9,numeric,,15,2,YES,0,,,,
gst,gstr2a_data,cdn_documents,10,jsonb,,,,YES,'[]'::jsonb,,,,
gst,gstr2a_data,cdn_count,11,integer,,32,,YES,0,,,,
gst,gstr2a_data,isd_credits,12,jsonb,,,,YES,'[]'::jsonb,,,,
gst,gstr2a_data,reconciliation_status,13,text,,,,YES,'pending'::text,,,,
gst,gstr2a_data,matched_invoices,14,integer,,32,,YES,0,,,,
gst,gstr2a_data,unmatched_invoices,15,integer,,32,,YES,0,,,,
gst,gstr2a_data,created_at,16,timestamp with time zone,,,,YES,CURRENT_TIMESTAMP,,,,
gst,gstr2b_data,gstr2b_id,1,integer,,32,,NO,nextval('gst.gstr2b_data_gstr2b_id_seq'::regclass),,PK,,
gst,gstr2b_data,org_id,2,uuid,,,,NO,,,FK,organizations,org_id
gst,gstr2b_data,return_period,3,text,,,,NO,,,,,
gst,gstr2b_data,generation_date,4,date,,,,NO,,,,,
gst,gstr2b_data,total_itc_available,5,numeric,,15,2,YES,0,,,,
gst,gstr2b_data,igst_itc,6,numeric,,15,2,YES,0,,,,
gst,gstr2b_data,cgst_itc,7,numeric,,15,2,YES,0,,,,
gst,gstr2b_data,sgst_itc,8,numeric,,15,2,YES,0,,,,
gst,gstr2b_data,cess_itc,9,numeric,,15,2,YES,0,,,,
gst,gstr2b_data,itc_unavailable,10,numeric,,15,2,YES,0,,,,
gst,gstr2b_data,import_goods_itc,11,numeric,,15,2,YES,0,,,,
gst,gstr2b_data,isd_itc,12,numeric,,15,2,YES,0,,,,
gst,gstr2b_data,ineligible_itc,13,numeric,,15,2,YES,0,,,,
gst,gstr2b_data,itc_reversal,14,numeric,,15,2,YES,0,,,,
gst,gstr2b_data,net_itc,15,numeric,,15,2,YES,0,,,,
gst,gstr2b_data,download_status,16,text,,,,YES,'pending'::text,,,,
gst,gstr2b_data,downloaded_date,17,date,,,,YES,,,,,
gst,gstr2b_data,created_at,18,timestamp with time zone,,,,YES,CURRENT_TIMESTAMP,,,,
gst,gstr3b_data,gstr3b_id,1,integer,,32,,NO,nextval('gst.gstr3b_data_gstr3b_id_seq'::regclass),,PK,,
gst,gstr3b_data,org_id,2,uuid,,,,NO,,,FK,organizations,org_id
gst,gstr3b_data,return_period,3,text,,,,NO,,,,,
gst,gstr3b_data,outward_taxable_supplies,4,numeric,,15,2,YES,0,,,,
gst,gstr3b_data,outward_zero_rated,5,numeric,,15,2,YES,0,,,,
gst,gstr3b_data,outward_nil_rated,6,numeric,,15,2,YES,0,,,,
gst,gstr3b_data,inward_nil_rated,7,numeric,,15,2,YES,0,,,,
gst,gstr3b_data,total_output_igst,8,numeric,,15,2,YES,0,,,,
gst,gstr3b_data,total_output_cgst,9,numeric,,15,2,YES,0,,,,
gst,gstr3b_data,total_output_sgst,10,numeric,,15,2,YES,0,,,,
gst,gstr3b_data,total_output_cess,11,numeric,,15,2,YES,0,,,,
gst,gstr3b_data,import_goods_igst,12,numeric,,15,2,YES,0,,,,
gst,gstr3b_data,import_service_igst,13,numeric,,15,2,YES,0,,,,
gst,gstr3b_data,inward_supplies_igst,14,numeric,,15,2,YES,0,,,,
gst,gstr3b_data,inward_supplies_cgst,15,numeric,,15,2,YES,0,,,,
gst,gstr3b_data,inward_supplies_sgst,16,numeric,,15,2,YES,0,,,,
gst,gstr3b_data,itc_reversal_igst,17,numeric,,15,2,YES,0,,,,
gst,gstr3b_data,itc_reversal_cgst,18,numeric,,15,2,YES,0,,,,
gst,gstr3b_data,itc_reversal_sgst,19,numeric,,15,2,YES,0,,,,
gst,gstr3b_data,inter_state_supplies,20,numeric,,15,2,YES,0,,,,
gst,gstr3b_data,intra_state_supplies,21,numeric,,15,2,YES,0,,,,
gst,gstr3b_data,tax_payable_igst,22,numeric,,15,2,YES,0,,,,
gst,gstr3b_data,tax_payable_cgst,23,numeric,,15,2,YES,0,,,,
gst,gstr3b_data,tax_payable_sgst,24,numeric,,15,2,YES,0,,,,
gst,gstr3b_data,tax_payable_cess,25,numeric,,15,2,YES,0,,,,
gst,gstr3b_data,tax_paid_cash_igst,26,numeric,,15,2,YES,0,,,,
gst,gstr3b_data,tax_paid_cash_cgst,27,numeric,,15,2,YES,0,,,,
gst,gstr3b_data,tax_paid_cash_sgst,28,numeric,,15,2,YES,0,,,,
gst,gstr3b_data,tax_paid_cash_cess,29,numeric,,15,2,YES,0,,,,
gst,gstr3b_data,interest_payable,30,numeric,,15,2,YES,0,,,,
gst,gstr3b_data,late_fee,31,numeric,,15,2,YES,0,,,,
gst,gstr3b_data,filing_status,32,text,,,,YES,'draft'::text,,,,
gst,gstr3b_data,filed_date,33,date,,,,YES,,,,,
gst,gstr3b_data,arn_number,34,text,,,,YES,,,,,
gst,gstr3b_data,created_at,35,timestamp with time zone,,,,YES,CURRENT_TIMESTAMP,,,,
gst,gstr3b_data,updated_at,36,timestamp with time zone,,,,YES,CURRENT_TIMESTAMP,,,,
gst,gstr3b_data,created_by,37,integer,,32,,YES,,,FK,org_users,user_id
gst,hsn_sac_codes,hsn_sac_id,1,integer,,32,,NO,nextval('gst.hsn_sac_codes_hsn_sac_id_seq'::regclass),,PK,,
gst,hsn_sac_codes,code,2,text,,,,NO,,,,,
gst,hsn_sac_codes,code_type,3,text,,,,NO,,,,,
gst,hsn_sac_codes,description,4,text,,,,NO,,,,,
gst,hsn_sac_codes,igst_rate,5,numeric,,5,2,NO,,,,,
gst,hsn_sac_codes,cgst_rate,6,numeric,,5,2,NO,,,,,
gst,hsn_sac_codes,sgst_rate,7,numeric,,5,2,NO,,,,,
gst,hsn_sac_codes,cess_rate,8,numeric,,5,2,YES,0,,,,
gst,hsn_sac_codes,effective_from,9,date,,,,NO,'2017-07-01'::date,,,,
gst,hsn_sac_codes,effective_until,10,date,,,,YES,,,,,
gst,hsn_sac_codes,chapter_code,11,text,,,,YES,,,,,
gst,hsn_sac_codes,chapter_name,12,text,,,,YES,,,,,
gst,hsn_sac_codes,section_name,13,text,,,,YES,,,,,
gst,hsn_sac_codes,is_active,14,boolean,,,,YES,true,,,,
gst,hsn_sac_codes,created_at,15,timestamp with time zone,,,,YES,CURRENT_TIMESTAMP,,,,
gst,hsn_sac_codes,updated_at,16,timestamp with time zone,,,,YES,CURRENT_TIMESTAMP,,,,
gst,purchase_reconciliation,reconciliation_id,1,integer,,32,,NO,nextval('gst.purchase_reconciliation_reconciliation_id_seq'::regclass),,PK,,
gst,purchase_reconciliation,org_id,2,integer,,32,,NO,,,,,
gst,purchase_reconciliation,supplier_gstin,3,text,,,,YES,,,,,
gst,purchase_reconciliation,invoice_number,4,text,,,,YES,,,,,
gst,purchase_reconciliation,invoice_date,5,date,,,,YES,,,,,
gst,purchase_reconciliation,invoice_value,6,numeric,,15,2,YES,,,,,
gst,purchase_reconciliation,match_status,7,text,,,,YES,,,,,
gst,purchase_reconciliation,mismatch_reason,8,text,,,,YES,,,,,
gst,purchase_reconciliation,created_at,9,timestamp without time zone,,,,YES,CURRENT_TIMESTAMP,,,,
gst,return_filing_status,filing_id,1,integer,,32,,NO,nextval('gst.return_filing_status_filing_id_seq'::regclass),,PK,,
gst,return_filing_status,org_id,2,integer,,32,,NO,,,,,
gst,return_filing_status,return_type,3,text,,,,NO,,,,,
gst,return_filing_status,return_period,4,text,,,,NO,,,,,
gst,return_filing_status,due_date,5,date,,,,NO,,,,,
gst,return_filing_status,filing_date,6,date,,,,YES,,,,,
gst,return_filing_status,filing_status,7,text,,,,YES,,,,,
gst,return_filing_status,acknowledgment_number,8,text,,,,YES,,,,,
gst,return_filing_status,created_at,9,timestamp without time zone,,,,YES,CURRENT_TIMESTAMP,,,,
compliance,compliance_alerts,alert_id,1,integer,,32,,NO,nextval('compliance.compliance_alerts_alert_id_seq'::regclass),,PK,,
compliance,compliance_alerts,org_id,2,uuid,,,,NO,,,,,
compliance,compliance_alerts,alert_type,3,text,,,,NO,,,,,
compliance,compliance_alerts,alert_date,4,date,,,,NO,,,,,
compliance,compliance_alerts,reference_type,5,text,,,,NO,,,,,
compliance,compliance_alerts,reference_id,6,integer,,32,,NO,,,,,
compliance,compliance_alerts,alert_message,7,text,,,,NO,,,,,
compliance,compliance_alerts,priority,8,text,,,,YES,'medium'::text,,,,
compliance,compliance_alerts,is_active,9,boolean,,,,YES,true,,,,
compliance,compliance_alerts,is_resolved,10,boolean,,,,YES,false,,,,
compliance,compliance_alerts,resolved_date,11,date,,,,YES,,,,,
compliance,compliance_alerts,resolved_by,12,integer,,32,,YES,,,,,
compliance,compliance_alerts,created_at,13,timestamp with time zone,,,,YES,CURRENT_TIMESTAMP,,,,
compliance,compliance_audits,audit_id,1,integer,,32,,NO,nextval('compliance.compliance_audits_audit_id_seq'::regclass),,PK,,
compliance,compliance_audits,org_id,2,uuid,,,,NO,,,,,
compliance,compliance_audits,audit_type,3,text,,,,NO,,,,,
compliance,compliance_audits,audit_date,4,date,,,,NO,,,,,
compliance,compliance_audits,auditor_name,5,text,,,,NO,,,,,
compliance,compliance_audits,auditor_organization,6,text,,,,YES,,,,,
compliance,compliance_audits,areas_audited,7,jsonb,,,,NO,,,,,
compliance,compliance_audits,audit_findings,8,jsonb,,,,YES,,,,,
compliance,compliance_audits,overall_status,9,text,,,,NO,,,,,
compliance,compliance_audits,next_audit_date,10,date,,,,YES,,,,,
compliance,compliance_audits,created_by,11,integer,,32,,YES,,,,,
compliance,compliance_audits,created_at,12,timestamp with time zone,,,,YES,CURRENT_TIMESTAMP,,,,
compliance,compliance_documents,document_id,1,integer,,32,,NO,nextval('compliance.compliance_documents_document_id_seq'::regclass),,PK,,
compliance,compliance_documents,org_id,2,uuid,,,,NO,,,,,
compliance,compliance_documents,document_type,3,text,,,,NO,,,,,
compliance,compliance_documents,document_name,4,text,,,,NO,,,,,
compliance,compliance_documents,file_data,5,text,,,,YES,,,,,
compliance,compliance_documents,file_url,6,text,,,,YES,,,,,
compliance,compliance_documents,expiry_date,7,date,,,,YES,,,,,
compliance,compliance_documents,reminder_days,8,integer,,32,,YES,30,,,,
compliance,compliance_documents,tags,9,jsonb,,,,YES,,,,,
compliance,compliance_documents,created_by,10,integer,,32,,YES,,,,,
compliance,compliance_documents,created_at,11,timestamp with time zone,,,,YES,CURRENT_TIMESTAMP,,,,
compliance,compliance_documents,updated_at,12,timestamp with time zone,,,,YES,CURRENT_TIMESTAMP,,,,
compliance,compliance_violations,violation_id,1,integer,,32,,NO,nextval('compliance.compliance_violations_violation_id_seq'::regclass),,PK,,
compliance,compliance_violations,org_id,2,uuid,,,,NO,,,FK,organizations,org_id
compliance,compliance_violations,violation_date,3,date,,,,NO,,,,,
compliance,compliance_violations,violation_type,4,text,,,,NO,,,,,
compliance,compliance_violations,violation_category,5,text,,,,NO,,,,,
compliance,compliance_violations,severity,6,text,,,,NO,,,,,
compliance,compliance_violations,violation_description,7,text,,,,NO,,,,,
compliance,compliance_violations,reference_type,8,text,,,,YES,,,,,
compliance,compliance_violations,reference_id,9,integer,,32,,YES,,,,,
compliance,compliance_violations,notice_received,10,boolean,,,,YES,false,,,,
compliance,compliance_violations,notice_date,11,date,,,,YES,,,,,
compliance,compliance_violations,notice_number,12,text,,,,YES,,,,,
compliance,compliance_violations,response_required,13,boolean,,,,YES,true,,,,
compliance,compliance_violations,response_due_date,14,date,,,,YES,,,,,
compliance,compliance_violations,response_submitted,15,boolean,,,,YES,false,,,,
compliance,compliance_violations,response_date,16,date,,,,YES,,,,,
compliance,compliance_violations,penalty_imposed,17,boolean,,,,YES,false,,,,
compliance,compliance_violations,penalty_type,18,text,,,,YES,,,,,
compliance,compliance_violations,penalty_amount,19,numeric,,15,2,YES,,,,,
compliance,compliance_violations,penalty_duration_days,20,integer,,32,,YES,,,,,
compliance,compliance_violations,corrective_action_plan,21,text,,,,YES,,,,,
compliance,compliance_violations,cap_submitted_date,22,date,,,,YES,,,,,
compliance,compliance_violations,cap_approved,23,boolean,,,,YES,false,,,,
compliance,compliance_violations,violation_status,24,text,,,,YES,'open'::text,,,,
compliance,compliance_violations,resolved_date,25,date,,,,YES,,,,,
compliance,compliance_violations,created_at,26,timestamp with time zone,,,,YES,CURRENT_TIMESTAMP,,,,
compliance,compliance_violations,updated_at,27,timestamp with time zone,,,,YES,CURRENT_TIMESTAMP,,,,
compliance,compliance_violations,created_by,28,integer,,32,,NO,,,FK,org_users,user_id
compliance,corrective_action_plans,cap_id,1,integer,,32,,NO,nextval('compliance.corrective_action_plans_cap_id_seq'::regclass),,PK,,
compliance,corrective_action_plans,inspection_id,2,integer,,32,,NO,,,FK,regulatory_inspections,inspection_id
compliance,corrective_action_plans,cap_number,3,text,,,,NO,,,,,
compliance,corrective_action_plans,submission_date,4,date,,,,NO,,,,,
compliance,corrective_action_plans,total_observations,5,integer,,32,,NO,,,,,
compliance,corrective_action_plans,critical_observations,6,integer,,32,,YES,0,,,,
compliance,corrective_action_plans,major_observations,7,integer,,32,,YES,0,,,,
compliance,corrective_action_plans,minor_observations,8,integer,,32,,YES,0,,,,
compliance,corrective_action_plans,action_items,9,jsonb,,,,YES,'[]'::jsonb,,,,
compliance,corrective_action_plans,cap_status,10,text,,,,YES,'draft'::text,,,,
compliance,corrective_action_plans,completion_percentage,11,numeric,,5,2,YES,0,,,,
compliance,corrective_action_plans,approved_by,12,text,,,,YES,,,,,
compliance,corrective_action_plans,approved_date,13,date,,,,YES,,,,,
compliance,corrective_action_plans,verified_by,14,text,,,,YES,,,,,
compliance,corrective_action_plans,verified_date,15,date,,,,YES,,,,,
compliance,corrective_action_plans,verification_notes,16,text,,,,YES,,,,,
compliance,corrective_action_plans,due_date,17,date,,,,NO,,,,,
compliance,corrective_action_plans,created_at,18,timestamp with time zone,,,,YES,CURRENT_TIMESTAMP,,,,
compliance,corrective_action_plans,updated_at,19,timestamp with time zone,,,,YES,CURRENT_TIMESTAMP,,,,
compliance,corrective_action_plans,created_by,20,integer,,32,,NO,,,FK,org_users,user_id
compliance,corrective_actions,action_id,1,integer,,32,,NO,nextval('compliance.corrective_actions_action_id_seq'::regclass),,PK,,
compliance,corrective_actions,org_id,2,uuid,,,,NO,,,,,
compliance,corrective_actions,audit_id,3,integer,,32,,YES,,,FK,compliance_audits,audit_id
compliance,corrective_actions,visit_id,4,integer,,32,,YES,,,FK,inspector_visits,visit_id
compliance,corrective_actions,area,5,text,,,,NO,,,,,
compliance,corrective_actions,issue_description,6,text,,,,NO,,,,,
compliance,corrective_actions,corrective_action,7,text,,,,NO,,,,,
compliance,corrective_actions,priority,8,text,,,,NO,,,,,
compliance,corrective_actions,due_date,9,date,,,,NO,,,,,
compliance,corrective_actions,status,10,text,,,,NO,'pending'::text,,,,
compliance,corrective_actions,completed_date,11,date,,,,YES,,,,,
compliance,corrective_actions,completed_by,12,integer,,32,,YES,,,,,
compliance,corrective_actions,created_by,13,integer,,32,,YES,,,,,
compliance,corrective_actions,created_at,14,timestamp with time zone,,,,YES,CURRENT_TIMESTAMP,,,,
compliance,corrective_actions,updated_at,15,timestamp with time zone,,,,YES,CURRENT_TIMESTAMP,,,,
compliance,destruction_approvals,approval_id,1,integer,,32,,NO,nextval('compliance.destruction_approvals_approval_id_seq'::regclass),,PK,,
compliance,destruction_approvals,reference_type,2,text,,,,YES,,,,,
compliance,destruction_approvals,reference_id,3,integer,,32,,YES,,,,,
compliance,destruction_approvals,approval_authority,4,text,,,,YES,,,,,
compliance,destruction_approvals,approval_number,5,text,,,,YES,,,,,
compliance,destruction_approvals,approval_date,6,date,,,,YES,,,,,
compliance,destruction_approvals,approval_status,7,text,,,,YES,,,,,
compliance,destruction_approvals,created_at,8,timestamp without time zone,,,,YES,CURRENT_TIMESTAMP,,,,
compliance,drug_licenses,license_id,1,integer,,32,,NO,nextval('compliance.drug_licenses_license_id_seq'::regclass),,PK,,
compliance,drug_licenses,org_id,2,uuid,,,,NO,,,,,
compliance,drug_licenses,license_type,3,text,,,,NO,,,,,
compliance,drug_licenses,license_number,4,text,,,,NO,,,,,
compliance,drug_licenses,license_category,5,jsonb,,,,YES,,,,,
compliance,drug_licenses,issuing_authority,6,text,,,,NO,,,,,
compliance,drug_licenses,issue_date,7,date,,,,NO,,,,,
compliance,drug_licenses,expiry_date,8,date,,,,NO,,,,,
compliance,drug_licenses,premises_address,9,text,,,,NO,,,,,
compliance,drug_licenses,pharmacist_name,10,text,,,,NO,,,,,
compliance,drug_licenses,pharmacist_registration,11,text,,,,NO,,,,,
compliance,drug_licenses,pharmacist_qualification,12,text,,,,YES,,,,,
compliance,drug_licenses,storage_capacity,13,jsonb,,,,YES,,,,,
compliance,drug_licenses,is_active,14,boolean,,,,YES,true,,,,
compliance,drug_licenses,created_by,15,integer,,32,,YES,,,,,
compliance,drug_licenses,created_at,16,timestamp with time zone,,,,YES,CURRENT_TIMESTAMP,,,,
compliance,drug_licenses,updated_at,17,timestamp with time zone,,,,YES,CURRENT_TIMESTAMP,,,,
compliance,environmental_breaches,breach_id,1,integer,,32,,NO,nextval('compliance.environmental_breaches_breach_id_seq'::regclass),,PK,,
compliance,environmental_breaches,env_compliance_id,2,integer,,32,,NO,,,FK,environmental_compliance,env_compliance_id
compliance,environmental_breaches,breach_date,3,date,,,,NO,,,,,
compliance,environmental_breaches,parameter_name,4,text,,,,NO,,,,,
compliance,environmental_breaches,measured_value,5,numeric,,15,4,NO,,,,,
compliance,environmental_breaches,prescribed_limit,6,numeric,,15,4,NO,,,,,
compliance,environmental_breaches,deviation_percentage,7,numeric,,10,2,NO,,,,,
compliance,environmental_breaches,breach_level,8,text,,,,NO,,,,,
compliance,environmental_breaches,authority_notified,9,boolean,,,,YES,false,,,,
compliance,environmental_breaches,notification_date,10,date,,,,YES,,,,,
compliance,environmental_breaches,notification_reference,11,text,,,,YES,,,,,
compliance,environmental_breaches,penalty_imposed,12,boolean,,,,YES,false,,,,
compliance,environmental_breaches,penalty_amount,13,numeric,,15,2,YES,,,,,
compliance,environmental_breaches,penalty_paid,14,boolean,,,,YES,false,,,,
compliance,environmental_breaches,penalty_payment_date,15,date,,,,YES,,,,,
compliance,environmental_breaches,corrective_measures,16,text,,,,YES,,,,,
compliance,environmental_breaches,implementation_timeline,17,text,,,,YES,,,,,
compliance,environmental_breaches,measures_completed,18,boolean,,,,YES,false,,,,
compliance,environmental_breaches,completion_verified_date,19,date,,,,YES,,,,,
compliance,environmental_breaches,breach_status,20,text,,,,YES,'open'::text,,,,
compliance,environmental_breaches,created_at,21,timestamp with time zone,,,,YES,CURRENT_TIMESTAMP,,,,
compliance,environmental_breaches,reported_by,22,integer,,32,,NO,,,FK,org_users,user_id
compliance,environmental_compliance,env_compliance_id,1,integer,,32,,NO,nextval('compliance.environmental_compliance_env_compliance_id_seq'::regclass),,PK,,
compliance,environmental_compliance,org_id,2,uuid,,,,NO,,,FK,organizations,org_id
compliance,environmental_compliance,branch_id,3,integer,,32,,YES,,,FK,org_branches,branch_id
compliance,environmental_compliance,monitoring_date,4,date,,,,NO,,,,,
compliance,environmental_compliance,compliance_type,5,text,,,,NO,,,,,
compliance,environmental_compliance,parameter_name,6,text,,,,NO,,,,,
compliance,environmental_compliance,parameter_unit,7,text,,,,NO,,,,,
compliance,environmental_compliance,measured_value,8,numeric,,15,4,NO,,,,,
compliance,environmental_compliance,prescribed_limit,9,numeric,,15,4,NO,,,,,
compliance,environmental_compliance,within_limits,10,boolean,,,,YES,,,,,
compliance,environmental_compliance,deviation_percentage,11,numeric,,10,2,YES,,,,,
compliance,environmental_compliance,sampling_point,12,text,,,,YES,,,,,
compliance,environmental_compliance,testing_method,13,text,,,,YES,,,,,
compliance,environmental_compliance,tested_by,14,text,,,,YES,,,,,
compliance,environmental_compliance,external_lab,15,boolean,,,,YES,false,,,,
compliance,environmental_compliance,lab_name,16,text,,,,YES,,,,,
compliance,environmental_compliance,compliance_status,17,text,,,,YES,,,,,
compliance,environmental_compliance,corrective_action_required,18,boolean,,,,YES,false,,,,
compliance,environmental_compliance,corrective_action_taken,19,text,,,,YES,,,,,
compliance,environmental_compliance,action_completion_date,20,date,,,,YES,,,,,
compliance,environmental_compliance,reported_to_authority,21,boolean,,,,YES,false,,,,
compliance,environmental_compliance,report_date,22,date,,,,YES,,,,,
compliance,environmental_compliance,report_reference,23,text,,,,YES,,,,,
compliance,environmental_compliance,test_report_path,24,text,,,,YES,,,,,
compliance,environmental_compliance,status,25,text,,,,YES,'active'::text,,,,
compliance,environmental_compliance,created_at,26,timestamp with time zone,,,,YES,CURRENT_TIMESTAMP,,,,
compliance,environmental_compliance,created_by,27,integer,,32,,NO,,,FK,org_users,user_id
compliance,expired_destructions,destruction_id,1,integer,,32,,NO,nextval('compliance.expired_destructions_destruction_id_seq'::regclass),,PK,,
compliance,expired_destructions,org_id,2,uuid,,,,NO,,,,,
compliance,expired_destructions,product_id,3,integer,,32,,YES,,,FK,products,product_id
compliance,expired_destructions,batch_number,4,text,,,,NO,,,,,
compliance,expired_destructions,quantity_destroyed,5,numeric,,15,3,NO,,,,,
compliance,expired_destructions,expiry_date,6,date,,,,NO,,,,,
compliance,expired_destructions,destruction_date,7,date,,,,NO,,,,,
compliance,expired_destructions,destruction_method,8,text,,,,NO,,,,,
compliance,expired_destructions,witness_names,9,ARRAY,,,,NO,,,,,
compliance,expired_destructions,destruction_certificate,10,text,,,,YES,,,,,
compliance,expired_destructions,created_by,11,integer,,32,,YES,,,,,
compliance,expired_destructions,created_at,12,timestamp with time zone,,,,YES,CURRENT_TIMESTAMP,,,,
compliance,inspection_schedule,schedule_id,1,integer,,32,,NO,nextval('compliance.inspection_schedule_schedule_id_seq'::regclass),,PK,,
compliance,inspection_schedule,org_id,2,integer,,32,,NO,,,,,
compliance,inspection_schedule,inspection_type,3,text,,,,YES,,,,,
compliance,inspection_schedule,regulatory_body,4,text,,,,YES,,,,,
compliance,inspection_schedule,scheduled_date,5,date,,,,YES,,,,,
compliance,inspection_schedule,notification_sent,6,boolean,,,,YES,false,,,,
compliance,inspection_schedule,created_at,7,timestamp without time zone,,,,YES,CURRENT_TIMESTAMP,,,,
compliance,inspector_visits,visit_id,1,integer,,32,,NO,nextval('compliance.inspector_visits_visit_id_seq'::regclass),,PK,,
compliance,inspector_visits,org_id,2,uuid,,,,NO,,,,,
compliance,inspector_visits,visit_date,3,date,,,,NO,,,,,
compliance,inspector_visits,inspector_name,4,text,,,,NO,,,,,
compliance,inspector_visits,inspector_id,5,text,,,,YES,,,,,
compliance,inspector_visits,inspector_designation,6,text,,,,YES,,,,,
compliance,inspector_visits,visit_type,7,text,,,,NO,,,,,
compliance,inspector_visits,areas_inspected,8,jsonb,,,,YES,,,,,
compliance,inspector_visits,violations_found,9,jsonb,,,,YES,,,,,
compliance,inspector_visits,recommendations,10,jsonb,,,,YES,,,,,
compliance,inspector_visits,follow_up_required,11,boolean,,,,YES,false,,,,
compliance,inspector_visits,next_visit_date,12,date,,,,YES,,,,,
compliance,inspector_visits,created_by,13,integer,,32,,YES,,,,,
compliance,inspector_visits,created_at,14,timestamp with time zone,,,,YES,CURRENT_TIMESTAMP,,,,
compliance,license_renewal_history,renewal_id,1,integer,,32,,NO,nextval('compliance.license_renewal_history_renewal_id_seq'::regclass),,PK,,
compliance,license_renewal_history,license_id,2,integer,,32,,NO,,,FK,org_licenses,license_id
compliance,license_renewal_history,renewal_date,3,date,,,,NO,,,,,
compliance,license_renewal_history,old_expiry_date,4,date,,,,NO,,,,,
compliance,license_renewal_history,new_expiry_date,5,date,,,,NO,,,,,
compliance,license_renewal_history,application_number,6,text,,,,YES,,,,,
compliance,license_renewal_history,application_date,7,date,,,,YES,,,,,
compliance,license_renewal_history,renewal_fee_paid,8,numeric,,15,2,YES,,,,,
compliance,license_renewal_history,late_fee_paid,9,numeric,,15,2,YES,0,,,,
compliance,license_renewal_history,payment_reference,10,text,,,,YES,,,,,
compliance,license_renewal_history,processed_by,11,text,,,,YES,,,,,
compliance,license_renewal_history,processing_time_days,12,integer,,32,,YES,,,,,
compliance,license_renewal_history,renewal_documents,13,jsonb,,,,YES,'[]'::jsonb,,,,
compliance,license_renewal_history,renewal_status,14,text,,,,YES,'completed'::text,,,,
compliance,license_renewal_history,created_at,15,timestamp with time zone,,,,YES,CURRENT_TIMESTAMP,,,,
compliance,license_renewal_history,created_by,16,integer,,32,,NO,,,FK,org_users,user_id
compliance,license_types,license_type_id,1,integer,,32,,NO,nextval('compliance.license_types_license_type_id_seq'::regclass),,PK,,
compliance,license_types,license_code,2,text,,,,NO,,,,,
compliance,license_types,license_name,3,text,,,,NO,,,,,
compliance,license_types,license_category,4,text,,,,NO,,,,,
compliance,license_types,issuing_authority,5,text,,,,NO,,,,,
compliance,license_types,authority_level,6,text,,,,NO,,,,,
compliance,license_types,validity_years,7,integer,,32,,YES,,,,,
compliance,license_types,renewal_before_expiry_days,8,integer,,32,,YES,90,,,,
compliance,license_types,eligibility_criteria,9,jsonb,,,,YES,'{}'::jsonb,,,,
compliance,license_types,required_documents,10,jsonb,,,,YES,'[]'::jsonb,,,,
compliance,license_types,application_fee,11,numeric,,15,2,YES,,,,,
compliance,license_types,renewal_fee,12,numeric,,15,2,YES,,,,,
compliance,license_types,is_active,13,boolean,,,,YES,true,,,,
compliance,license_types,created_at,14,timestamp with time zone,,,,YES,CURRENT_TIMESTAMP,,,,
compliance,narcotic_discrepancies,discrepancy_id,1,integer,,32,,NO,nextval('compliance.narcotic_discrepancies_discrepancy_id_seq'::regclass),,PK,,
compliance,narcotic_discrepancies,register_id,2,integer,,32,,NO,,,FK,narcotic_register,register_id
compliance,narcotic_discrepancies,identified_date,3,date,,,,NO,,,,,
compliance,narcotic_discrepancies,expected_balance,4,numeric,,15,3,NO,,,,,
compliance,narcotic_discrepancies,actual_balance,5,numeric,,15,3,NO,,,,,
compliance,narcotic_discrepancies,discrepancy_quantity,6,numeric,,15,3,NO,,,,,
compliance,narcotic_discrepancies,discrepancy_type,7,text,,,,NO,,,,,
compliance,narcotic_discrepancies,investigation_status,8,text,,,,YES,'pending'::text,,,,
compliance,narcotic_discrepancies,investigation_findings,9,text,,,,YES,,,,,
compliance,narcotic_discrepancies,root_cause,10,text,,,,YES,,,,,
compliance,narcotic_discrepancies,reported_to_authority,11,boolean,,,,YES,false,,,,
compliance,narcotic_discrepancies,authority_report_date,12,date,,,,YES,,,,,
compliance,narcotic_discrepancies,authority_report_number,13,text,,,,YES,,,,,
compliance,narcotic_discrepancies,resolution_status,14,text,,,,YES,'open'::text,,,,
compliance,narcotic_discrepancies,resolution_date,15,date,,,,YES,,,,,
compliance,narcotic_discrepancies,resolution_notes,16,text,,,,YES,,,,,
compliance,narcotic_discrepancies,reported_date,17,date,,,,NO,,,,,
compliance,narcotic_discrepancies,reported_by,18,integer,,32,,NO,,,FK,org_users,user_id
compliance,narcotic_discrepancies,created_at,19,timestamp with time zone,,,,YES,CURRENT_TIMESTAMP,,,,
compliance,narcotic_register,register_id,1,integer,,32,,NO,nextval('compliance.narcotic_register_register_id_seq'::regclass),,PK,,
compliance,narcotic_register,org_id,2,uuid,,,,NO,,,FK,organizations,org_id
compliance,narcotic_register,branch_id,3,integer,,32,,NO,,,FK,org_branches,branch_id
compliance,narcotic_register,transaction_date,4,date,,,,NO,,,,,
compliance,narcotic_register,transaction_type,5,text,,,,NO,,,,,
compliance,narcotic_register,product_id,6,integer,,32,,NO,,,FK,products,product_id
compliance,narcotic_register,batch_id,7,integer,,32,,YES,,,FK,batches,batch_id
compliance,narcotic_register,batch_number,8,text,,,,YES,,,,,
compliance,narcotic_register,receipt_quantity,9,numeric,,15,3,YES,0,,,,
compliance,narcotic_register,issue_quantity,10,numeric,,15,3,YES,0,,,,
compliance,narcotic_register,balance_quantity,11,numeric,,15,3,NO,,,,,
compliance,narcotic_register,party_type,12,text,,,,YES,,,,,
compliance,narcotic_register,party_name,13,text,,,,YES,,,,,
compliance,narcotic_register,party_license_number,14,text,,,,YES,,,,,
compliance,narcotic_register,prescription_number,15,text,,,,YES,,,,,
compliance,narcotic_register,prescriber_name,16,text,,,,YES,,,,,
compliance,narcotic_register,prescriber_registration,17,text,,,,YES,,,,,
compliance,narcotic_register,patient_name,18,text,,,,YES,,,,,
compliance,narcotic_register,patient_id_proof,19,text,,,,YES,,,,,
compliance,narcotic_register,permit_number,20,text,,,,YES,,,,,
compliance,narcotic_register,permit_date,21,date,,,,YES,,,,,
compliance,narcotic_register,verified_by,22,integer,,32,,NO,,,FK,org_users,user_id
compliance,narcotic_register,witness_by,23,integer,,32,,YES,,,FK,org_users,user_id
compliance,narcotic_register,reference_type,24,text,,,,YES,,,,,
compliance,narcotic_register,reference_number,25,text,,,,YES,,,,,
compliance,narcotic_register,remarks,26,text,,,,YES,,,,,
compliance,narcotic_register,created_at,27,timestamp with time zone,,,,YES,CURRENT_TIMESTAMP,,,,
compliance,narcotic_register,created_by,28,integer,,32,,NO,,,FK,org_users,user_id
compliance,org_compliance_status,status_id,1,integer,,32,,NO,nextval('compliance.org_compliance_status_status_id_seq'::regclass),,PK,,
compliance,org_compliance_status,org_id,2,uuid,,,,NO,,,FK,organizations,org_id
compliance,org_compliance_status,overall_compliance_score,3,numeric,,5,2,YES,100,,,,
compliance,org_compliance_status,compliance_grade,4,text,,,,YES,'A'::text,,,,
compliance,org_compliance_status,risk_level,5,text,,,,YES,'low'::text,,,,
compliance,org_compliance_status,total_licenses,6,integer,,32,,YES,0,,,,
compliance,org_compliance_status,active_licenses,7,integer,,32,,YES,0,,,,
compliance,org_compliance_status,expired_licenses,8,integer,,32,,YES,0,,,,
compliance,org_compliance_status,expiring_soon,9,integer,,32,,YES,0,,,,
compliance,org_compliance_status,last_inspection_date,10,date,,,,YES,,,,,
compliance,org_compliance_status,inspections_this_year,11,integer,,32,,YES,0,,,,
compliance,org_compliance_status,critical_observations_pending,12,integer,,32,,YES,0,,,,
compliance,org_compliance_status,qc_tests_this_month,13,integer,,32,,YES,0,,,,
compliance,org_compliance_status,qc_failure_rate,14,numeric,,5,2,YES,0,,,,
compliance,org_compliance_status,open_deviations,15,integer,,32,,YES,0,,,,
compliance,org_compliance_status,environmental_breaches_ytd,16,integer,,32,,YES,0,,,,
compliance,org_compliance_status,pending_corrective_actions,17,integer,,32,,YES,0,,,,
compliance,org_compliance_status,open_violations,18,integer,,32,,YES,0,,,,
compliance,org_compliance_status,violations_this_year,19,integer,,32,,YES,0,,,,
compliance,org_compliance_status,last_calculated_at,20,timestamp with time zone,,,,YES,CURRENT_TIMESTAMP,,,,
compliance,org_compliance_status,created_at,21,timestamp with time zone,,,,YES,CURRENT_TIMESTAMP,,,,
compliance,org_compliance_status,updated_at,22,timestamp with time zone,,,,YES,CURRENT_TIMESTAMP,,,,
compliance,org_licenses,license_id,1,integer,,32,,NO,nextval('compliance.org_licenses_license_id_seq'::regclass),,PK,,
compliance,org_licenses,org_id,2,uuid,,,,NO,,,FK,organizations,org_id
compliance,org_licenses,branch_id,3,integer,,32,,YES,,,FK,org_branches,branch_id
compliance,org_licenses,license_type_id,4,integer,,32,,NO,,,FK,license_types,license_type_id
compliance,org_licenses,license_number,5,text,,,,NO,,,,,
compliance,org_licenses,license_name,6,text,,,,NO,,,,,
compliance,org_licenses,issue_date,7,date,,,,NO,,,,,
compliance,org_licenses,valid_from,8,date,,,,NO,,,,,
compliance,org_licenses,valid_until,9,date,,,,NO,,,,,
compliance,org_licenses,license_status,10,text,,,,YES,'active'::text,,,,
compliance,org_licenses,expiry_status,11,text,,,,YES,'active'::text,,,,
compliance,org_licenses,renewal_status,12,text,,,,YES,'not_due'::text,,,,
compliance,org_licenses,renewal_application_date,13,date,,,,YES,,,,,
compliance,org_licenses,renewal_application_number,14,text,,,,YES,,,,,
compliance,org_licenses,next_renewal_date,15,date,,,,YES,,,,,
compliance,org_licenses,license_document_path,16,text,,,,YES,,,,,
compliance,org_licenses,supporting_documents,17,jsonb,,,,YES,'[]'::jsonb,,,,
compliance,org_licenses,last_inspection_date,18,date,,,,YES,,,,,
compliance,org_licenses,next_inspection_due,19,date,,,,YES,,,,,
compliance,org_licenses,compliance_score,20,numeric,,5,2,YES,,,,,
compliance,org_licenses,suspended,21,boolean,,,,YES,false,,,,
compliance,org_licenses,suspension_date,22,date,,,,YES,,,,,
compliance,org_licenses,suspension_reason,23,text,,,,YES,,,,,
compliance,org_licenses,suspension_lifted_date,24,date,,,,YES,,,,,
compliance,org_licenses,notes,25,text,,,,YES,,,,,
compliance,org_licenses,created_at,26,timestamp with time zone,,,,YES,CURRENT_TIMESTAMP,,,,
compliance,org_licenses,updated_at,27,timestamp with time zone,,,,YES,CURRENT_TIMESTAMP,,,,
compliance,org_licenses,created_by,28,integer,,32,,NO,,,FK,org_users,user_id
compliance,pharmacist_registrations,registration_id,1,integer,,32,,NO,nextval('compliance.pharmacist_registrations_registration_id_seq'::regclass),,PK,,
compliance,pharmacist_registrations,org_id,2,uuid,,,,NO,,,,,
compliance,pharmacist_registrations,pharmacist_name,3,text,,,,NO,,,,,
compliance,pharmacist_registrations,registration_number,4,text,,,,NO,,,,,
compliance,pharmacist_registrations,qualification,5,text,,,,NO,,,,,
compliance,pharmacist_registrations,registration_state,6,text,,,,NO,,,,,
compliance,pharmacist_registrations,registration_date,7,date,,,,NO,,,,,
compliance,pharmacist_registrations,expiry_date,8,date,,,,YES,,,,,
compliance,pharmacist_registrations,is_active,9,boolean,,,,YES,true,,,,
compliance,pharmacist_registrations,created_at,10,timestamp with time zone,,,,YES,CURRENT_TIMESTAMP,,,,
compliance,pharmacist_registrations,updated_at,11,timestamp with time zone,,,,YES,CURRENT_TIMESTAMP,,,,
compliance,product_recalls,recall_id,1,integer,,32,,NO,nextval('compliance.product_recalls_recall_id_seq'::regclass),,PK,,
compliance,product_recalls,org_id,2,uuid,,,,NO,,,FK,organizations,org_id
compliance,product_recalls,recall_number,3,text,,,,NO,,,,,
compliance,product_recalls,recall_date,4,date,,,,NO,CURRENT_DATE,,,,
compliance,product_recalls,recall_type,5,text,,,,NO,,,,,
compliance,product_recalls,recall_classification,6,text,,,,NO,,,,,
compliance,product_recalls,product_id,7,integer,,32,,NO,,,FK,products,product_id
compliance,product_recalls,affected_batches,8,ARRAY,,,,YES,,,,,
compliance,product_recalls,batch_numbers,9,ARRAY,,,,YES,,,,,
compliance,product_recalls,reason_category,10,text,,,,NO,,,,,
compliance,product_recalls,reason_description,11,text,,,,NO,,,,,
compliance,product_recalls,health_hazard_assessment,12,text,,,,YES,,,,,
compliance,product_recalls,distribution_pattern,13,text,,,,NO,,,,,
compliance,product_recalls,states_affected,14,ARRAY,,,,YES,,,,,
compliance,product_recalls,countries_affected,15,ARRAY,,,,YES,,,,,
compliance,product_recalls,quantity_distributed,16,numeric,,15,3,YES,,,,,
compliance,product_recalls,quantity_recovered,17,numeric,,15,3,YES,,,,,
compliance,product_recalls,customers_notified,18,integer,,32,,YES,0,,,,
compliance,product_recalls,notification_method,19,ARRAY,,,,YES,,,,,
compliance,product_recalls,notification_date,20,date,,,,YES,,,,,
compliance,product_recalls,fda_notified,21,boolean,,,,YES,false,,,,
compliance,product_recalls,fda_notification_date,22,date,,,,YES,,,,,
compliance,product_recalls,regulatory_references,23,ARRAY,,,,YES,,,,,
compliance,product_recalls,recall_status,24,text,,,,YES,'initiated'::text,,,,
compliance,product_recalls,effectiveness_checks_required,25,integer,,32,,YES,2,,,,
compliance,product_recalls,effectiveness_checks_completed,26,integer,,32,,YES,0,,,,
compliance,product_recalls,estimated_cost,27,numeric,,15,2,YES,,,,,
compliance,product_recalls,actual_cost,28,numeric,,15,2,YES,,,,,
compliance,product_recalls,insurance_claim_filed,29,boolean,,,,YES,false,,,,
compliance,product_recalls,completion_date,30,date,,,,YES,,,,,
compliance,product_recalls,final_report_submitted,31,boolean,,,,YES,false,,,,
compliance,product_recalls,lessons_learned,32,text,,,,YES,,,,,
compliance,product_recalls,created_at,33,timestamp with time zone,,,,YES,CURRENT_TIMESTAMP,,,,
compliance,product_recalls,updated_at,34,timestamp with time zone,,,,YES,CURRENT_TIMESTAMP,,,,
compliance,product_recalls,created_by,35,integer,,32,,NO,,,FK,org_users,user_id
compliance,quality_control_tests,qc_test_id,1,integer,,32,,NO,nextval('compliance.quality_control_tests_qc_test_id_seq'::regclass),,PK,,
compliance,quality_control_tests,org_id,2,uuid,,,,NO,,,FK,organizations,org_id
compliance,quality_control_tests,test_number,3,text,,,,NO,,,,,
compliance,quality_control_tests,test_date,4,date,,,,NO,,,,,
compliance,quality_control_tests,test_type,5,text,,,,NO,,,,,
compliance,quality_control_tests,reference_type,6,text,,,,NO,,,,,
compliance,quality_control_tests,reference_id,7,integer,,32,,NO,,,,,
compliance,quality_control_tests,product_id,8,integer,,32,,NO,,,FK,products,product_id
compliance,quality_control_tests,batch_id,9,integer,,32,,YES,,,FK,batches,batch_id
compliance,quality_control_tests,batch_number,10,text,,,,YES,,,,,
compliance,quality_control_tests,sample_quantity,11,numeric,,15,3,YES,,,,,
compliance,quality_control_tests,sample_unit,12,text,,,,YES,,,,,
compliance,quality_control_tests,sampling_method,13,text,,,,YES,,,,,
compliance,quality_control_tests,sampled_by,14,integer,,32,,YES,,,FK,org_users,user_id
compliance,quality_control_tests,test_parameters,15,jsonb,,,,YES,'[]'::jsonb,,,,
compliance,quality_control_tests,test_status,16,text,,,,YES,'pending'::text,,,,
compliance,quality_control_tests,tested_by,17,text,,,,YES,,,,,
compliance,quality_control_tests,testing_lab,18,text,,,,YES,'in_house'::text,,,,
compliance,quality_control_tests,external_lab_name,19,text,,,,YES,,,,,
compliance,quality_control_tests,completed_date,20,date,,,,YES,,,,,
compliance,quality_control_tests,test_report_number,21,text,,,,YES,,,,,
compliance,quality_control_tests,test_report_path,22,text,,,,YES,,,,,
compliance,quality_control_tests,is_retest,23,boolean,,,,YES,false,,,,
compliance,quality_control_tests,original_test_id,24,integer,,32,,YES,,,FK,quality_control_tests,qc_test_id
compliance,quality_control_tests,retest_reason,25,text,,,,YES,,,,,
compliance,quality_control_tests,approved_by,26,integer,,32,,YES,,,FK,org_users,user_id
compliance,quality_control_tests,approved_date,27,date,,,,YES,,,,,
compliance,quality_control_tests,notes,28,text,,,,YES,,,,,
compliance,quality_control_tests,created_at,29,timestamp with time zone,,,,YES,CURRENT_TIMESTAMP,,,,
compliance,quality_control_tests,updated_at,30,timestamp with time zone,,,,YES,CURRENT_TIMESTAMP,,,,
compliance,quality_deviations,deviation_id,1,integer,,32,,NO,nextval('compliance.quality_deviations_deviation_id_seq'::regclass),,PK,,
compliance,quality_deviations,org_id,2,uuid,,,,NO,,,FK,organizations,org_id
compliance,quality_deviations,deviation_number,3,text,,,,NO,,,,,
compliance,quality_deviations,deviation_date,4,date,,,,NO,,,,,
compliance,quality_deviations,deviation_type,5,text,,,,NO,,,,,
compliance,quality_deviations,deviation_category,6,text,,,,NO,,,,,
compliance,quality_deviations,severity,7,text,,,,NO,,,,,
compliance,quality_deviations,deviation_description,8,text,,,,NO,,,,,
compliance,quality_deviations,root_cause,9,text,,,,YES,,,,,
compliance,quality_deviations,impact_assessment,10,text,,,,YES,,,,,
compliance,quality_deviations,batches_affected,11,ARRAY,,,,YES,,,,,
compliance,quality_deviations,products_affected,12,ARRAY,,,,YES,,,,,
compliance,quality_deviations,reference_type,13,text,,,,YES,,,,,
compliance,quality_deviations,reference_id,14,integer,,32,,YES,,,,,
compliance,quality_deviations,investigation_required,15,boolean,,,,YES,true,,,,
compliance,quality_deviations,investigation_status,16,text,,,,YES,'pending'::text,,,,
compliance,quality_deviations,investigation_completed_date,17,date,,,,YES,,,,,
compliance,quality_deviations,investigation_findings,18,text,,,,YES,,,,,
compliance,quality_deviations,capa_required,19,boolean,,,,YES,true,,,,
compliance,quality_deviations,capa_number,20,text,,,,YES,,,,,
compliance,quality_deviations,capa_status,21,text,,,,YES,,,,,
compliance,quality_deviations,reported_by,22,integer,,32,,NO,,,FK,org_users,user_id
compliance,quality_deviations,qa_reviewed_by,23,integer,,32,,YES,,,FK,org_users,user_id
compliance,quality_deviations,qa_reviewed_date,24,date,,,,YES,,,,,
compliance,quality_deviations,deviation_status,25,text,,,,YES,'open'::text,,,,
compliance,quality_deviations,closed_date,26,date,,,,YES,,,,,
compliance,quality_deviations,closed_by,27,integer,,32,,YES,,,FK,org_users,user_id
compliance,quality_deviations,created_at,28,timestamp with time zone,,,,YES,CURRENT_TIMESTAMP,,,,
compliance,quality_deviations,updated_at,29,timestamp with time zone,,,,YES,CURRENT_TIMESTAMP,,,,
compliance,regulatory_authorities,authority_id,1,integer,,32,,NO,nextval('compliance.regulatory_authorities_authority_id_seq'::regclass),,PK,,
compliance,regulatory_authorities,authority_code,2,text,,,,NO,,,,,
compliance,regulatory_authorities,authority_name,3,text,,,,NO,,,,,
compliance,regulatory_authorities,authority_type,4,text,,,,NO,,,,,
compliance,regulatory_authorities,jurisdiction_level,5,text,,,,NO,,,,,
compliance,regulatory_authorities,state,6,text,,,,YES,,,,,
compliance,regulatory_authorities,district,7,text,,,,YES,,,,,
compliance,regulatory_authorities,contact_info,8,jsonb,,,,YES,'{}'::jsonb,,,,
compliance,regulatory_authorities,routine_inspection_frequency_days,9,integer,,32,,YES,,,,,
compliance,regulatory_authorities,is_active,10,boolean,,,,YES,true,,,,
compliance,regulatory_authorities,created_at,11,timestamp with time zone,,,,YES,CURRENT_TIMESTAMP,,,,
compliance,regulatory_inspections,inspection_id,1,integer,,32,,NO,nextval('compliance.regulatory_inspections_inspection_id_seq'::regclass),,PK,,
compliance,regulatory_inspections,org_id,2,uuid,,,,NO,,,FK,organizations,org_id
compliance,regulatory_inspections,branch_id,3,integer,,32,,YES,,,FK,org_branches,branch_id
compliance,regulatory_inspections,inspection_date,4,date,,,,NO,,,,,
compliance,regulatory_inspections,inspection_type,5,text,,,,NO,,,,,
compliance,regulatory_inspections,authority_id,6,integer,,32,,NO,,,FK,regulatory_authorities,authority_id
compliance,regulatory_inspections,license_id,7,integer,,32,,YES,,,FK,org_licenses,license_id
compliance,regulatory_inspections,inspectors,8,jsonb,,,,YES,'[]'::jsonb,,,,
compliance,regulatory_inspections,inspection_scope,9,text,,,,NO,,,,,
compliance,regulatory_inspections,areas_inspected,10,ARRAY,,,,YES,,,,,
compliance,regulatory_inspections,total_observations,11,integer,,32,,YES,0,,,,
compliance,regulatory_inspections,critical_observations,12,integer,,32,,YES,0,,,,
compliance,regulatory_inspections,major_observations,13,integer,,32,,YES,0,,,,
compliance,regulatory_inspections,minor_observations,14,integer,,32,,YES,0,,,,
compliance,regulatory_inspections,inspection_findings,15,jsonb,,,,YES,'[]'::jsonb,,,,
compliance,regulatory_inspections,overall_result,16,text,,,,YES,,,,,
compliance,regulatory_inspections,follow_up_required,17,boolean,,,,YES,false,,,,
compliance,regulatory_inspections,follow_up_date,18,date,,,,YES,,,,,
compliance,regulatory_inspections,follow_up_completed,19,boolean,,,,YES,false,,,,
compliance,regulatory_inspections,inspection_report_date,20,date,,,,YES,,,,,
compliance,regulatory_inspections,inspection_report_path,21,text,,,,YES,,,,,
compliance,regulatory_inspections,inspection_status,22,text,,,,YES,'scheduled'::text,,,,
compliance,regulatory_inspections,notes,23,text,,,,YES,,,,,
compliance,regulatory_inspections,created_at,24,timestamp with time zone,,,,YES,CURRENT_TIMESTAMP,,,,
compliance,regulatory_inspections,updated_at,25,timestamp with time zone,,,,YES,CURRENT_TIMESTAMP,,,,
compliance,regulatory_inspections,created_by,26,integer,,32,,NO,,,FK,org_users,user_id
compliance,required_licenses,requirement_id,1,integer,,32,,NO,nextval('compliance.required_licenses_requirement_id_seq'::regclass),,PK,,
compliance,required_licenses,license_type,2,text,,,,NO,,,,,
compliance,required_licenses,license_category,3,text,,,,YES,,,,,
compliance,required_licenses,regulatory_body,4,text,,,,YES,,,,,
compliance,required_licenses,applicable_to,5,ARRAY,,,,YES,,,,,
compliance,required_licenses,is_mandatory,6,boolean,,,,YES,true,,,,
compliance,required_licenses,created_at,7,timestamp without time zone,,,,YES,CURRENT_TIMESTAMP,,,,
compliance,temperature_logs,log_id,1,integer,,32,,NO,nextval('compliance.temperature_logs_log_id_seq'::regclass),,PK,,
compliance,temperature_logs,org_id,2,uuid,,,,NO,,,FK,organizations,org_id
compliance,temperature_logs,branch_id,3,integer,,32,,NO,,,FK,org_branches,branch_id
compliance,temperature_logs,location_id,4,integer,,32,,NO,,,FK,storage_locations,location_id
compliance,temperature_logs,device_id,5,text,,,,NO,,,,,
compliance,temperature_logs,device_type,6,text,,,,NO,,,,,
compliance,temperature_logs,temperature,7,numeric,,5,2,NO,,,,,
compliance,temperature_logs,humidity,8,numeric,,5,2,YES,,,,,
compliance,temperature_logs,recorded_at,9,timestamp with time zone,,,,NO,CURRENT_TIMESTAMP,,,,
compliance,temperature_logs,within_range,10,boolean,,,,NO,,,,,
compliance,temperature_logs,min_allowed,11,numeric,,5,2,NO,,,,,
compliance,temperature_logs,max_allowed,12,numeric,,5,2,NO,,,,,
compliance,temperature_logs,is_excursion,13,boolean,,,,YES,false,,,,
compliance,temperature_logs,excursion_duration_minutes,14,integer,,32,,YES,,,,,
compliance,temperature_logs,excursion_severity,15,text,,,,YES,,,,,
compliance,temperature_logs,action_required,16,boolean,,,,YES,false,,,,
compliance,temperature_logs,action_taken,17,text,,,,YES,,,,,
compliance,temperature_logs,action_by,18,integer,,32,,YES,,,FK,org_users,user_id
compliance,temperature_logs,action_timestamp,19,timestamp with time zone,,,,YES,,,,,
compliance,temperature_logs,affected_products,20,ARRAY,,,,YES,,,,,
compliance,temperature_logs,affected_batches,21,ARRAY,,,,YES,,,,,
compliance,temperature_logs,created_at,22,timestamp with time zone,,,,YES,CURRENT_TIMESTAMP,,,,
compliance,temperature_zones,zone_id,1,integer,,32,,NO,nextval('compliance.temperature_zones_zone_id_seq'::regclass),,PK,,
compliance,temperature_zones,org_id,2,uuid,,,,NO,,,,,
compliance,temperature_zones,zone_name,3,text,,,,NO,,,,,
compliance,temperature_zones,zone_type,4,text,,,,NO,,,,,
compliance,temperature_zones,min_temperature,5,numeric,,5,2,YES,,,,,
compliance,temperature_zones,max_temperature,6,numeric,,5,2,YES,,,,,
compliance,temperature_zones,last_reading,7,timestamp with time zone,,,,YES,,,,,
compliance,temperature_zones,is_active,8,boolean,,,,YES,true,,,,
compliance,temperature_zones,created_at,9,timestamp with time zone,,,,YES,CURRENT_TIMESTAMP,,,,
analytics,alert_definitions,alert_id,1,integer,,32,,NO,nextval('analytics.alert_definitions_alert_id_seq'::regclass),,PK,,
analytics,alert_definitions,org_id,2,uuid,,,,NO,,,FK,organizations,org_id
analytics,alert_definitions,alert_code,3,text,,,,NO,,,,,
analytics,alert_definitions,alert_name,4,text,,,,NO,,,,,
analytics,alert_definitions,alert_category,5,text,,,,NO,,,,,
analytics,alert_definitions,trigger_type,6,text,,,,NO,,,,,
analytics,alert_definitions,check_query,7,text,,,,NO,,,,,
analytics,alert_definitions,check_frequency_minutes,8,integer,,32,,YES,60,,,,
analytics,alert_definitions,conditions,9,jsonb,,,,NO,,,,,
analytics,alert_definitions,severity,10,text,,,,NO,,,,,
analytics,alert_definitions,notification_channels,11,ARRAY,,,,YES,"'{email,dashboard}'::text[]",,,,
analytics,alert_definitions,recipients,12,jsonb,,,,YES,'{}'::jsonb,,,,
analytics,alert_definitions,message_template,13,text,,,,YES,,,,,
analytics,alert_definitions,cooldown_minutes,14,integer,,32,,YES,60,,,,
analytics,alert_definitions,is_active,15,boolean,,,,YES,true,,,,
analytics,alert_definitions,created_at,16,timestamp with time zone,,,,YES,CURRENT_TIMESTAMP,,,,
analytics,alert_definitions,updated_at,17,timestamp with time zone,,,,YES,CURRENT_TIMESTAMP,,,,
analytics,alert_definitions,created_by,18,integer,,32,,NO,,,FK,org_users,user_id
analytics,alert_history,history_id,1,integer,,32,,NO,nextval('analytics.alert_history_history_id_seq'::regclass),,PK,,
analytics,alert_history,alert_id,2,integer,,32,,NO,,,FK,alert_definitions,alert_id
analytics,alert_history,triggered_at,3,timestamp with time zone,,,,YES,CURRENT_TIMESTAMP,,,,
analytics,alert_history,trigger_value,4,text,,,,YES,,,,,
analytics,alert_history,trigger_details,5,jsonb,,,,YES,'{}'::jsonb,,,,
analytics,alert_history,severity,6,text,,,,NO,,,,,
analytics,alert_history,message,7,text,,,,NO,,,,,
analytics,alert_history,notifications_sent,8,jsonb,,,,YES,'{}'::jsonb,,,,
analytics,alert_history,acknowledged,9,boolean,,,,YES,false,,,,
analytics,alert_history,acknowledged_by,10,integer,,32,,YES,,,FK,org_users,user_id
analytics,alert_history,acknowledged_at,11,timestamp with time zone,,,,YES,,,,,
analytics,alert_history,acknowledgment_notes,12,text,,,,YES,,,,,
analytics,alert_history,resolved,13,boolean,,,,YES,false,,,,
analytics,alert_history,resolved_by,14,integer,,32,,YES,,,FK,org_users,user_id
analytics,alert_history,resolved_at,15,timestamp with time zone,,,,YES,,,,,
analytics,alert_history,resolution_notes,16,text,,,,YES,,,,,
analytics,alert_history,alert_status,17,text,,,,YES,'open'::text,,,,
analytics,alert_history,created_at,18,timestamp with time zone,,,,YES,CURRENT_TIMESTAMP,,,,
analytics,dashboard_cache,cache_id,1,integer,,32,,NO,nextval('analytics.dashboard_cache_cache_id_seq'::regclass),,PK,,
analytics,dashboard_cache,org_id,2,uuid,,,,YES,,,,,
analytics,dashboard_cache,metric_type,3,character varying,50,,,YES,,,,,
analytics,dashboard_cache,metric_name,4,character varying,100,,,YES,,,,,
analytics,dashboard_cache,metric_value,5,numeric,,,,YES,0,,,,
analytics,dashboard_cache,metric_date,6,date,,,,YES,,,,,
analytics,dashboard_cache,last_updated,7,timestamp without time zone,,,,YES,CURRENT_TIMESTAMP,,,,
analytics,dashboard_cache,created_at,8,timestamp without time zone,,,,YES,CURRENT_TIMESTAMP,,,,
analytics,dashboard_widgets,widget_id,1,integer,,32,,NO,nextval('analytics.dashboard_widgets_widget_id_seq'::regclass),,PK,,
analytics,dashboard_widgets,dashboard_id,2,integer,,32,,NO,,,FK,dashboards,dashboard_id
analytics,dashboard_widgets,widget_type,3,text,,,,NO,,,,,
analytics,dashboard_widgets,widget_title,4,text,,,,NO,,,,,
analytics,dashboard_widgets,data_query,5,text,,,,NO,,,,,
analytics,dashboard_widgets,refresh_interval_seconds,6,integer,,32,,YES,,,,,
analytics,dashboard_widgets,chart_type,7,text,,,,YES,,,,,
analytics,dashboard_widgets,chart_config,8,jsonb,,,,YES,'{}'::jsonb,,,,
analytics,dashboard_widgets,position_x,9,integer,,32,,NO,,,,,
analytics,dashboard_widgets,position_y,10,integer,,32,,NO,,,,,
analytics,dashboard_widgets,width,11,integer,,32,,NO,4,,,,
analytics,dashboard_widgets,height,12,integer,,32,,NO,4,,,,
analytics,dashboard_widgets,is_interactive,13,boolean,,,,YES,true,,,,
analytics,dashboard_widgets,drill_down_enabled,14,boolean,,,,YES,false,,,,
analytics,dashboard_widgets,drill_down_dashboard_id,15,integer,,32,,YES,,,FK,dashboards,dashboard_id
analytics,dashboard_widgets,thresholds,16,jsonb,,,,YES,'[]'::jsonb,,,,
analytics,dashboard_widgets,display_order,17,integer,,32,,YES,,,,,
analytics,dashboard_widgets,is_active,18,boolean,,,,YES,true,,,,
analytics,dashboard_widgets,created_at,19,timestamp with time zone,,,,YES,CURRENT_TIMESTAMP,,,,
analytics,dashboard_widgets,updated_at,20,timestamp with time zone,,,,YES,CURRENT_TIMESTAMP,,,,
analytics,dashboards,dashboard_id,1,integer,,32,,NO,nextval('analytics.dashboards_dashboard_id_seq'::regclass),,PK,,
analytics,dashboards,org_id,2,uuid,,,,NO,,,FK,organizations,org_id
analytics,dashboards,dashboard_code,3,text,,,,NO,,,,,
analytics,dashboards,dashboard_name,4,text,,,,NO,,,,,
analytics,dashboards,dashboard_category,5,text,,,,NO,,,,,
analytics,dashboards,description,6,text,,,,YES,,,,,
analytics,dashboards,layout_type,7,text,,,,YES,'grid'::text,,,,
analytics,dashboards,layout_config,8,jsonb,,,,YES,'{}'::jsonb,,,,
analytics,dashboards,auto_refresh,9,boolean,,,,YES,false,,,,
analytics,dashboards,refresh_interval_seconds,10,integer,,32,,YES,300,,,,
analytics,dashboards,is_public,11,boolean,,,,YES,false,,,,
analytics,dashboards,allowed_roles,12,ARRAY,,,,YES,,,,,
analytics,dashboards,default_filters,13,jsonb,,,,YES,'{}'::jsonb,,,,
analytics,dashboards,is_active,14,boolean,,,,YES,true,,,,
analytics,dashboards,created_at,15,timestamp with time zone,,,,YES,CURRENT_TIMESTAMP,,,,
analytics,dashboards,updated_at,16,timestamp with time zone,,,,YES,CURRENT_TIMESTAMP,,,,
analytics,dashboards,created_by,17,integer,,32,,NO,,,FK,org_users,user_id
analytics,data_quality_metrics,metric_id,1,integer,,32,,NO,nextval('analytics.data_quality_metrics_metric_id_seq'::regclass),,PK,,
analytics,data_quality_metrics,org_id,2,uuid,,,,NO,,,FK,organizations,org_id
analytics,data_quality_metrics,check_date,3,date,,,,NO,CURRENT_DATE,,,,
analytics,data_quality_metrics,table_schema,4,text,,,,NO,,,,,
analytics,data_quality_metrics,table_name,5,text,,,,NO,,,,,
analytics,data_quality_metrics,total_records,6,integer,,32,,NO,,,,,
analytics,data_quality_metrics,null_count,7,integer,,32,,YES,0,,,,
analytics,data_quality_metrics,duplicate_count,8,integer,,32,,YES,0,,,,
analytics,data_quality_metrics,field_checks,9,jsonb,,,,YES,'[]'::jsonb,,,,
analytics,data_quality_metrics,completeness_score,10,numeric,,5,2,YES,,,,,
analytics,data_quality_metrics,validity_score,11,numeric,,5,2,YES,,,,,
analytics,data_quality_metrics,consistency_score,12,numeric,,5,2,YES,,,,,
analytics,data_quality_metrics,overall_quality_score,13,numeric,,5,2,YES,,,,,
analytics,data_quality_metrics,critical_issues,14,integer,,32,,YES,0,,,,
analytics,data_quality_metrics,major_issues,15,integer,,32,,YES,0,,,,
analytics,data_quality_metrics,minor_issues,16,integer,,32,,YES,0,,,,
analytics,data_quality_metrics,check_status,17,text,,,,YES,'completed'::text,,,,
analytics,data_quality_metrics,created_at,18,timestamp with time zone,,,,YES,CURRENT_TIMESTAMP,,,,
analytics,data_quality_metrics,checked_by,19,integer,,32,,YES,,,FK,org_users,user_id
analytics,kpi_definitions,kpi_id,1,integer,,32,,NO,nextval('analytics.kpi_definitions_kpi_id_seq'::regclass),,PK,,
analytics,kpi_definitions,org_id,2,uuid,,,,NO,,,FK,organizations,org_id
analytics,kpi_definitions,kpi_code,3,text,,,,NO,,,,,
analytics,kpi_definitions,kpi_name,4,text,,,,NO,,,,,
analytics,kpi_definitions,kpi_category,5,text,,,,NO,,,,,
analytics,kpi_definitions,calculation_query,6,text,,,,NO,,,,,
analytics,kpi_definitions,aggregation_type,7,text,,,,NO,,,,,
analytics,kpi_definitions,unit_of_measure,8,text,,,,YES,,,,,
analytics,kpi_definitions,display_format,9,text,,,,YES,,,,,
analytics,kpi_definitions,decimal_places,10,integer,,32,,YES,2,,,,
analytics,kpi_definitions,target_type,11,text,,,,YES,,,,,
analytics,kpi_definitions,target_value,12,numeric,,15,4,YES,,,,,
analytics,kpi_definitions,target_query,13,text,,,,YES,,,,,
analytics,kpi_definitions,calculation_frequency,14,text,,,,NO,,,,,
analytics,kpi_definitions,track_trend,15,boolean,,,,YES,true,,,,
analytics,kpi_definitions,trend_period_days,16,integer,,32,,YES,30,,,,
analytics,kpi_definitions,alert_enabled,17,boolean,,,,YES,false,,,,
analytics,kpi_definitions,alert_threshold_type,18,text,,,,YES,,,,,
analytics,kpi_definitions,alert_threshold_value,19,numeric,,15,4,YES,,,,,
analytics,kpi_definitions,alert_recipients,20,ARRAY,,,,YES,,,,,
analytics,kpi_definitions,is_active,21,boolean,,,,YES,true,,,,
analytics,kpi_definitions,created_at,22,timestamp with time zone,,,,YES,CURRENT_TIMESTAMP,,,,
analytics,kpi_definitions,updated_at,23,timestamp with time zone,,,,YES,CURRENT_TIMESTAMP,,,,
analytics,kpi_definitions,created_by,24,integer,,32,,NO,,,FK,org_users,user_id
analytics,kpi_values,value_id,1,integer,,32,,NO,nextval('analytics.kpi_values_value_id_seq'::regclass),,PK,,
analytics,kpi_values,kpi_id,2,integer,,32,,NO,,,FK,kpi_definitions,kpi_id
analytics,kpi_values,calculation_date,3,date,,,,NO,,,,,
analytics,kpi_values,period_type,4,text,,,,NO,,,,,
analytics,kpi_values,actual_value,5,numeric,,15,4,NO,,,,,
analytics,kpi_values,target_value,6,numeric,,15,4,YES,,,,,
analytics,kpi_values,previous_value,7,numeric,,15,4,YES,,,,,
analytics,kpi_values,variance_amount,8,numeric,,15,4,YES,,,,,
analytics,kpi_values,variance_percentage,9,numeric,,10,2,YES,,,,,
analytics,kpi_values,achievement_percentage,10,numeric,,10,2,YES,,,,,
analytics,kpi_values,trend_direction,11,text,,,,YES,,,,,
analytics,kpi_values,trend_percentage,12,numeric,,10,2,YES,,,,,
analytics,kpi_values,status,13,text,,,,YES,,,,,
analytics,kpi_values,calculation_time,14,timestamp with time zone,,,,YES,CURRENT_TIMESTAMP,,,,
analytics,kpi_values,calculation_duration_ms,15,integer,,32,,YES,,,,,
analytics,kpi_values,data_quality_score,16,numeric,,5,2,YES,,,,,
analytics,kpi_values,created_at,17,timestamp with time zone,,,,YES,CURRENT_TIMESTAMP,,,,
analytics,product_consumption_stats,stat_id,1,integer,,32,,NO,nextval('analytics.product_consumption_stats_stat_id_seq'::regclass),,PK,,
analytics,product_consumption_stats,org_id,2,integer,,32,,NO,,,,,
analytics,product_consumption_stats,product_id,3,integer,,32,,YES,,,FK,products,product_id
analytics,product_consumption_stats,branch_id,4,integer,,32,,YES,,,,,
analytics,product_consumption_stats,calculation_date,5,date,,,,NO,,,,,
analytics,product_consumption_stats,daily_consumption,6,numeric,,12,3,YES,,,,,
analytics,product_consumption_stats,weekly_consumption,7,numeric,,12,3,YES,,,,,
analytics,product_consumption_stats,monthly_consumption,8,numeric,,12,3,YES,,,,,
analytics,product_consumption_stats,trend_direction,9,text,,,,YES,,,,,
analytics,product_consumption_stats,created_at,10,timestamp without time zone,,,,YES,CURRENT_TIMESTAMP,,,,
analytics,report_execution_history,execution_id,1,integer,,32,,NO,nextval('analytics.report_execution_history_execution_id_seq'::regclass),,PK,,
analytics,report_execution_history,org_id,2,uuid,,,,NO,,,FK,organizations,org_id
analytics,report_execution_history,template_id,3,integer,,32,,NO,,,FK,report_templates,template_id
analytics,report_execution_history,schedule_id,4,integer,,32,,YES,,,FK,report_schedules,schedule_id
analytics,report_execution_history,execution_date,5,timestamp with time zone,,,,YES,CURRENT_TIMESTAMP,,,,
analytics,report_execution_history,executed_by,6,integer,,32,,YES,,,FK,org_users,user_id
analytics,report_execution_history,execution_type,7,text,,,,NO,,,,,
analytics,report_execution_history,parameters_used,8,jsonb,,,,YES,'{}'::jsonb,,,,
analytics,report_execution_history,start_time,9,timestamp with time zone,,,,YES,,,,,
analytics,report_execution_history,end_time,10,timestamp with time zone,,,,YES,,,,,
analytics,report_execution_history,execution_time_ms,11,integer,,32,,YES,,,,,
analytics,report_execution_history,rows_processed,12,integer,,32,,YES,,,,,
analytics,report_execution_history,output_format,13,text,,,,YES,,,,,
analytics,report_execution_history,file_size_bytes,14,integer,,32,,YES,,,,,
analytics,report_execution_history,file_path,15,text,,,,YES,,,,,
analytics,report_execution_history,execution_status,16,text,,,,YES,'pending'::text,,,,
analytics,report_execution_history,error_message,17,text,,,,YES,,,,,
analytics,report_execution_history,emailed_to,18,ARRAY,,,,YES,,,,,
analytics,report_execution_history,email_sent_at,19,timestamp with time zone,,,,YES,,,,,
analytics,report_execution_history,created_at,20,timestamp with time zone,,,,YES,CURRENT_TIMESTAMP,,,,
analytics,report_schedules,schedule_id,1,integer,,32,,NO,nextval('analytics.report_schedules_schedule_id_seq'::regclass),,PK,,
analytics,report_schedules,org_id,2,uuid,,,,NO,,,FK,organizations,org_id
analytics,report_schedules,template_id,3,integer,,32,,NO,,,FK,report_templates,template_id
analytics,report_schedules,schedule_name,4,text,,,,NO,,,,,
analytics,report_schedules,frequency,5,text,,,,NO,,,,,
analytics,report_schedules,run_time,6,time without time zone,,,,YES,'08:00:00'::time without time zone,,,,
analytics,report_schedules,run_day_of_week,7,integer,,32,,YES,,,,,
analytics,report_schedules,run_day_of_month,8,integer,,32,,YES,,,,,
analytics,report_schedules,report_parameters,9,jsonb,,,,YES,'{}'::jsonb,,,,
analytics,report_schedules,email_recipients,10,ARRAY,,,,YES,,,,,
analytics,report_schedules,cc_recipients,11,ARRAY,,,,YES,,,,,
analytics,report_schedules,output_format,12,text,,,,NO,'pdf'::text,,,,
analytics,report_schedules,next_run_date,13,timestamp with time zone,,,,YES,,,,,
analytics,report_schedules,last_run_date,14,timestamp with time zone,,,,YES,,,,,
analytics,report_schedules,is_active,15,boolean,,,,YES,true,,,,
analytics,report_schedules,created_at,16,timestamp with time zone,,,,YES,CURRENT_TIMESTAMP,,,,
analytics,report_schedules,created_by,17,integer,,32,,NO,,,FK,org_users,user_id
analytics,report_templates,template_id,1,integer,,32,,NO,nextval('analytics.report_templates_template_id_seq'::regclass),,PK,,
analytics,report_templates,org_id,2,uuid,,,,NO,,,FK,organizations,org_id
analytics,report_templates,template_code,3,text,,,,NO,,,,,
analytics,report_templates,template_name,4,text,,,,NO,,,,,
analytics,report_templates,report_category,5,text,,,,NO,,,,,
analytics,report_templates,report_type,6,text,,,,NO,,,,,
analytics,report_templates,query_template,7,text,,,,NO,,,,,
analytics,report_templates,parameters,8,jsonb,,,,YES,'[]'::jsonb,,,,
analytics,report_templates,output_formats,9,ARRAY,,,,YES,"'{pdf,excel,csv}'::text[]",,,,
analytics,report_templates,default_format,10,text,,,,YES,'pdf'::text,,,,
analytics,report_templates,layout_config,11,jsonb,,,,YES,'{}'::jsonb,,,,
analytics,report_templates,schedulable,12,boolean,,,,YES,true,,,,
analytics,report_templates,required_roles,13,ARRAY,,,,YES,,,,,
analytics,report_templates,is_active,14,boolean,,,,YES,true,,,,
analytics,report_templates,created_at,15,timestamp with time zone,,,,YES,CURRENT_TIMESTAMP,,,,
analytics,report_templates,updated_at,16,timestamp with time zone,,,,YES,CURRENT_TIMESTAMP,,,,
analytics,report_templates,created_by,17,integer,,32,,NO,,,FK,org_users,user_id
analytics,user_activity_analytics,analytics_id,1,integer,,32,,NO,nextval('analytics.user_activity_analytics_analytics_id_seq'::regclass),,PK,,
analytics,user_activity_analytics,org_id,2,uuid,,,,NO,,,FK,organizations,org_id
analytics,user_activity_analytics,user_id,3,integer,,32,,NO,,,FK,org_users,user_id
analytics,user_activity_analytics,activity_date,4,date,,,,NO,,,,,
analytics,user_activity_analytics,login_count,5,integer,,32,,YES,0,,,,
analytics,user_activity_analytics,first_login_time,6,time without time zone,,,,YES,,,,,
analytics,user_activity_analytics,last_login_time,7,time without time zone,,,,YES,,,,,
analytics,user_activity_analytics,total_session_duration_minutes,8,integer,,32,,YES,0,,,,
analytics,user_activity_analytics,features_used,9,ARRAY,,,,YES,,,,,
analytics,user_activity_analytics,most_used_feature,10,text,,,,YES,,,,,
analytics,user_activity_analytics,transactions_created,11,integer,,32,,YES,0,,,,
analytics,user_activity_analytics,transactions_value,12,numeric,,15,2,YES,0,,,,
analytics,user_activity_analytics,module_activity,13,jsonb,,,,YES,'{}'::jsonb,,,,
analytics,user_activity_analytics,average_page_load_time_ms,14,integer,,32,,YES,,,,,
analytics,user_activity_analytics,slow_queries_count,15,integer,,32,,YES,0,,,,
analytics,user_activity_analytics,errors_encountered,16,integer,,32,,YES,0,,,,
analytics,user_activity_analytics,devices_used,17,jsonb,,,,YES,'[]'::jsonb,,,,
analytics,user_activity_analytics,locations,18,jsonb,,,,YES,'[]'::jsonb,,,,
analytics,user_activity_analytics,created_at,19,timestamp with time zone,,,,YES,CURRENT_TIMESTAMP,,,,
system_config,api_logs,log_id,1,integer,,32,,NO,nextval('system_config.api_logs_log_id_seq'::regclass),,PK,,
system_config,api_logs,request_id,2,uuid,,,,YES,gen_random_uuid(),,,,
system_config,api_logs,user_id,3,integer,,32,,YES,,,,,
system_config,api_logs,endpoint,4,text,,,,YES,,,,,
system_config,api_logs,method,5,text,,,,YES,,,,,
system_config,api_logs,status,6,text,,,,YES,,,,,
system_config,api_logs,started_at,7,timestamp without time zone,,,,YES,,,,,
system_config,api_logs,completed_at,8,timestamp without time zone,,,,YES,,,,,
system_config,api_logs,response_code,9,integer,,32,,YES,,,,,
system_config,api_logs,error_message,10,text,,,,YES,,,,,
system_config,api_logs,created_at,11,timestamp without time zone,,,,YES,CURRENT_TIMESTAMP,,,,
system_config,api_usage_log,log_id,1,bigint,,64,,NO,nextval('system_config.api_usage_log_log_id_seq'::regclass),,PK,,
system_config,api_usage_log,org_id,2,uuid,,,,YES,,,FK,organizations,org_id
system_config,api_usage_log,org_id,2,uuid,,,,YES,,,FK,organizations,org_id
system_config,api_usage_log,org_id,2,uuid,,,,YES,,,FK,organizations,org_id
system_config,api_usage_log,org_id,2,uuid,,,,YES,,,FK,organizations,org_id
system_config,api_usage_log,org_id,2,uuid,,,,YES,,,FK,organizations,org_id
system_config,api_usage_log,org_id,2,uuid,,,,YES,,,FK,organizations,org_id
system_config,api_usage_log,org_id,2,uuid,,,,YES,,,FK,organizations,org_id
system_config,api_usage_log,org_id,2,uuid,,,,YES,,,FK,organizations,org_id
system_config,api_usage_log,org_id,2,uuid,,,,YES,,,FK,organizations,org_id
system_config,api_usage_log,endpoint,3,text,,,,NO,,,,,
system_config,api_usage_log,method,4,text,,,,NO,,,,,
system_config,api_usage_log,user_id,5,integer,,32,,YES,,,FK,org_users,user_id
system_config,api_usage_log,user_id,5,integer,,32,,YES,,,FK,org_users,user_id
system_config,api_usage_log,user_id,5,integer,,32,,YES,,,FK,org_users,user_id
system_config,api_usage_log,user_id,5,integer,,32,,YES,,,FK,org_users,user_id
system_config,api_usage_log,user_id,5,integer,,32,,YES,,,FK,org_users,user_id
system_config,api_usage_log,user_id,5,integer,,32,,YES,,,FK,org_users,user_id
system_config,api_usage_log,user_id,5,integer,,32,,YES,,,FK,org_users,user_id
system_config,api_usage_log,user_id,5,integer,,32,,YES,,,FK,org_users,user_id
system_config,api_usage_log,user_id,5,integer,,32,,YES,,,FK,org_users,user_id
system_config,api_usage_log,ip_address,6,inet,,,,YES,,,,,
system_config,api_usage_log,user_agent,7,text,,,,YES,,,,,
system_config,api_usage_log,request_timestamp,8,timestamp with time zone,,,,YES,CURRENT_TIMESTAMP,,,,
system_config,api_usage_log,response_time_ms,9,integer,,32,,YES,,,,,
system_config,api_usage_log,status_code,10,integer,,32,,YES,,,,,
system_config,api_usage_log,request_size_bytes,11,integer,,32,,YES,,,,,
system_config,api_usage_log,response_size_bytes,12,integer,,32,,YES,,,,,
system_config,api_usage_log,error_occurred,13,boolean,,,,YES,false,,,,
system_config,api_usage_log,error_message,14,text,,,,YES,,,,,
system_config,api_usage_log,rate_limit_remaining,15,integer,,32,,YES,,,,,
system_config,api_usage_log,created_at,16,timestamp with time zone,,,,NO,CURRENT_TIMESTAMP,,PK,,
system_config,api_usage_log_2024_01,log_id,1,bigint,,64,,NO,nextval('system_config.api_usage_log_log_id_seq'::regclass),,PK,,
system_config,api_usage_log_2024_01,org_id,2,uuid,,,,YES,,,FK,organizations,org_id
system_config,api_usage_log_2024_01,org_id,2,uuid,,,,YES,,,FK,organizations,org_id
system_config,api_usage_log_2024_01,org_id,2,uuid,,,,YES,,,FK,organizations,org_id
system_config,api_usage_log_2024_01,org_id,2,uuid,,,,YES,,,FK,organizations,org_id
system_config,api_usage_log_2024_01,org_id,2,uuid,,,,YES,,,FK,organizations,org_id
system_config,api_usage_log_2024_01,org_id,2,uuid,,,,YES,,,FK,organizations,org_id
system_config,api_usage_log_2024_01,org_id,2,uuid,,,,YES,,,FK,organizations,org_id
system_config,api_usage_log_2024_01,org_id,2,uuid,,,,YES,,,FK,organizations,org_id
system_config,api_usage_log_2024_01,org_id,2,uuid,,,,YES,,,FK,organizations,org_id
system_config,api_usage_log_2024_01,endpoint,3,text,,,,NO,,,,,
system_config,api_usage_log_2024_01,method,4,text,,,,NO,,,,,
system_config,api_usage_log_2024_01,user_id,5,integer,,32,,YES,,,FK,org_users,user_id
system_config,api_usage_log_2024_01,user_id,5,integer,,32,,YES,,,FK,org_users,user_id
system_config,api_usage_log_2024_01,user_id,5,integer,,32,,YES,,,FK,org_users,user_id
system_config,api_usage_log_2024_01,user_id,5,integer,,32,,YES,,,FK,org_users,user_id
system_config,api_usage_log_2024_01,user_id,5,integer,,32,,YES,,,FK,org_users,user_id
system_config,api_usage_log_2024_01,user_id,5,integer,,32,,YES,,,FK,org_users,user_id
system_config,api_usage_log_2024_01,user_id,5,integer,,32,,YES,,,FK,org_users,user_id
system_config,api_usage_log_2024_01,user_id,5,integer,,32,,YES,,,FK,org_users,user_id
system_config,api_usage_log_2024_01,user_id,5,integer,,32,,YES,,,FK,org_users,user_id
system_config,api_usage_log_2024_01,ip_address,6,inet,,,,YES,,,,,
system_config,api_usage_log_2024_01,user_agent,7,text,,,,YES,,,,,
system_config,api_usage_log_2024_01,request_timestamp,8,timestamp with time zone,,,,YES,CURRENT_TIMESTAMP,,,,
system_config,api_usage_log_2024_01,response_time_ms,9,integer,,32,,YES,,,,,
system_config,api_usage_log_2024_01,status_code,10,integer,,32,,YES,,,,,
system_config,api_usage_log_2024_01,request_size_bytes,11,integer,,32,,YES,,,,,
system_config,api_usage_log_2024_01,response_size_bytes,12,integer,,32,,YES,,,,,
system_config,api_usage_log_2024_01,error_occurred,13,boolean,,,,YES,false,,,,
system_config,api_usage_log_2024_01,error_message,14,text,,,,YES,,,,,
system_config,api_usage_log_2024_01,rate_limit_remaining,15,integer,,32,,YES,,,,,
system_config,api_usage_log_2024_01,created_at,16,timestamp with time zone,,,,NO,CURRENT_TIMESTAMP,,PK,,
system_config,api_usage_log_2024_02,log_id,1,bigint,,64,,NO,nextval('system_config.api_usage_log_log_id_seq'::regclass),,PK,,
system_config,api_usage_log_2024_02,org_id,2,uuid,,,,YES,,,FK,organizations,org_id
system_config,api_usage_log_2024_02,org_id,2,uuid,,,,YES,,,FK,organizations,org_id
system_config,api_usage_log_2024_02,org_id,2,uuid,,,,YES,,,FK,organizations,org_id
system_config,api_usage_log_2024_02,org_id,2,uuid,,,,YES,,,FK,organizations,org_id
system_config,api_usage_log_2024_02,org_id,2,uuid,,,,YES,,,FK,organizations,org_id
system_config,api_usage_log_2024_02,org_id,2,uuid,,,,YES,,,FK,organizations,org_id
system_config,api_usage_log_2024_02,org_id,2,uuid,,,,YES,,,FK,organizations,org_id
system_config,api_usage_log_2024_02,org_id,2,uuid,,,,YES,,,FK,organizations,org_id
system_config,api_usage_log_2024_02,org_id,2,uuid,,,,YES,,,FK,organizations,org_id
system_config,api_usage_log_2024_02,endpoint,3,text,,,,NO,,,,,
system_config,api_usage_log_2024_02,method,4,text,,,,NO,,,,,
system_config,api_usage_log_2024_02,user_id,5,integer,,32,,YES,,,FK,org_users,user_id
system_config,api_usage_log_2024_02,user_id,5,integer,,32,,YES,,,FK,org_users,user_id
system_config,api_usage_log_2024_02,user_id,5,integer,,32,,YES,,,FK,org_users,user_id
system_config,api_usage_log_2024_02,user_id,5,integer,,32,,YES,,,FK,org_users,user_id
system_config,api_usage_log_2024_02,user_id,5,integer,,32,,YES,,,FK,org_users,user_id
system_config,api_usage_log_2024_02,user_id,5,integer,,32,,YES,,,FK,org_users,user_id
system_config,api_usage_log_2024_02,user_id,5,integer,,32,,YES,,,FK,org_users,user_id
system_config,api_usage_log_2024_02,user_id,5,integer,,32,,YES,,,FK,org_users,user_id
system_config,api_usage_log_2024_02,user_id,5,integer,,32,,YES,,,FK,org_users,user_id
system_config,api_usage_log_2024_02,ip_address,6,inet,,,,YES,,,,,
system_config,api_usage_log_2024_02,user_agent,7,text,,,,YES,,,,,
system_config,api_usage_log_2024_02,request_timestamp,8,timestamp with time zone,,,,YES,CURRENT_TIMESTAMP,,,,
system_config,api_usage_log_2024_02,response_time_ms,9,integer,,32,,YES,,,,,
system_config,api_usage_log_2024_02,status_code,10,integer,,32,,YES,,,,,
system_config,api_usage_log_2024_02,request_size_bytes,11,integer,,32,,YES,,,,,
system_config,api_usage_log_2024_02,response_size_bytes,12,integer,,32,,YES,,,,,
system_config,api_usage_log_2024_02,error_occurred,13,boolean,,,,YES,false,,,,
system_config,api_usage_log_2024_02,error_message,14,text,,,,YES,,,,,
system_config,api_usage_log_2024_02,rate_limit_remaining,15,integer,,32,,YES,,,,,
system_config,api_usage_log_2024_02,created_at,16,timestamp with time zone,,,,NO,CURRENT_TIMESTAMP,,PK,,
system_config,audit_logs,audit_id,1,bigint,,64,,NO,nextval('system_config.audit_logs_audit_id_seq'::regclass),,PK,,
system_config,audit_logs,org_id,2,uuid,,,,NO,,,FK,organizations,org_id
system_config,audit_logs,activity_timestamp,3,timestamp with time zone,,,,YES,CURRENT_TIMESTAMP,,,,
system_config,audit_logs,activity_type,4,text,,,,NO,,,,,
system_config,audit_logs,entity_type,5,text,,,,NO,,,,,
system_config,audit_logs,entity_id,6,text,,,,YES,,,,,
system_config,audit_logs,entity_name,7,text,,,,YES,,,,,
system_config,audit_logs,action_performed,8,text,,,,NO,,,,,
system_config,audit_logs,old_values,9,jsonb,,,,YES,,,,,
system_config,audit_logs,new_values,10,jsonb,,,,YES,,,,,
system_config,audit_logs,changed_fields,11,ARRAY,,,,YES,,,,,
system_config,audit_logs,user_id,12,integer,,32,,NO,,,FK,org_users,user_id
system_config,audit_logs,user_name,13,text,,,,NO,,,,,
system_config,audit_logs,session_id,14,text,,,,YES,,,,,
system_config,audit_logs,ip_address,15,inet,,,,YES,,,,,
system_config,audit_logs,user_agent,16,text,,,,YES,,,,,
system_config,audit_logs,request_method,17,text,,,,YES,,,,,
system_config,audit_logs,request_url,18,text,,,,YES,,,,,
system_config,audit_logs,module_name,19,text,,,,YES,,,,,
system_config,audit_logs,function_name,20,text,,,,YES,,,,,
system_config,audit_logs,result_status,21,text,,,,YES,'success'::text,,,,
system_config,audit_logs,error_message,22,text,,,,YES,,,,,
system_config,audit_logs,execution_time_ms,23,integer,,32,,YES,,,,,
system_config,audit_logs,previous_audit_hash,24,text,,,,YES,,,,,
system_config,audit_logs,current_audit_hash,25,text,,,,YES,,,,,
system_config,backup_history,backup_id,1,integer,,32,,NO,nextval('system_config.backup_history_backup_id_seq'::regclass),,PK,,
system_config,backup_history,backup_name,2,text,,,,NO,,,,,
system_config,backup_history,backup_type,3,text,,,,NO,,,,,
system_config,backup_history,backup_path,4,text,,,,YES,,,,,
system_config,backup_history,backup_size,5,bigint,,64,,YES,,,,,
system_config,backup_history,backup_status,6,text,,,,YES,,,,,
system_config,backup_history,metadata,7,jsonb,,,,YES,,,,,
system_config,backup_history,created_by,8,integer,,32,,YES,,,,,
system_config,backup_history,created_at,9,timestamp without time zone,,,,YES,CURRENT_TIMESTAMP,,,,
system_config,backup_history,completed_at,10,timestamp without time zone,,,,YES,,,,,
system_config,backup_history,last_verified,11,timestamp without time zone,,,,YES,,,,,
system_config,backup_history,is_valid,12,boolean,,,,YES,true,,,,
system_config,configuration_history,history_id,1,integer,,32,,NO,nextval('system_config.configuration_history_history_id_seq'::regclass),,PK,,
system_config,configuration_history,org_id,2,integer,,32,,NO,,,,,
system_config,configuration_history,setting_key,3,text,,,,NO,,,,,
system_config,configuration_history,old_value,4,jsonb,,,,YES,,,,,
system_config,configuration_history,new_value,5,jsonb,,,,YES,,,,,
system_config,configuration_history,changed_by,6,integer,,32,,YES,,,,,
system_config,configuration_history,changed_at,7,timestamp without time zone,,,,YES,CURRENT_TIMESTAMP,,,,
system_config,configuration_history,change_reason,8,text,,,,YES,,,,,
system_config,email_templates,template_id,1,integer,,32,,NO,nextval('system_config.email_templates_template_id_seq'::regclass),,PK,,
system_config,email_templates,org_id,2,uuid,,,,NO,,,FK,organizations,org_id
system_config,email_templates,template_code,3,text,,,,NO,,,,,
system_config,email_templates,template_name,4,text,,,,NO,,,,,
system_config,email_templates,template_category,5,text,,,,NO,,,,,
system_config,email_templates,subject_template,6,text,,,,NO,,,,,
system_config,email_templates,body_template_html,7,text,,,,NO,,,,,
system_config,email_templates,body_template_text,8,text,,,,YES,,,,,
system_config,email_templates,available_variables,9,jsonb,,,,YES,'[]'::jsonb,,,,
system_config,email_templates,from_name,10,text,,,,YES,,,,,
system_config,email_templates,from_email,11,text,,,,YES,,,,,
system_config,email_templates,reply_to_email,12,text,,,,YES,,,,,
system_config,email_templates,default_attachments,13,jsonb,,,,YES,'[]'::jsonb,,,,
system_config,email_templates,language,14,text,,,,YES,'en'::text,,,,
system_config,email_templates,is_active,15,boolean,,,,YES,true,,,,
system_config,email_templates,created_at,16,timestamp with time zone,,,,YES,CURRENT_TIMESTAMP,,,,
system_config,email_templates,updated_at,17,timestamp with time zone,,,,YES,CURRENT_TIMESTAMP,,,,
system_config,email_templates,created_by,18,integer,,32,,NO,,,FK,org_users,user_id
system_config,error_logs,error_id,1,bigint,,64,,NO,nextval('system_config.error_logs_error_id_seq'::regclass),,PK,,
system_config,error_logs,org_id,2,uuid,,,,YES,,,FK,organizations,org_id
system_config,error_logs,error_timestamp,3,timestamp with time zone,,,,YES,CURRENT_TIMESTAMP,,,,
system_config,error_logs,error_level,4,text,,,,NO,,,,,
system_config,error_logs,error_code,5,text,,,,YES,,,,,
system_config,error_logs,error_message,6,text,,,,NO,,,,,
system_config,error_logs,module_name,7,text,,,,YES,,,,,
system_config,error_logs,function_name,8,text,,,,YES,,,,,
system_config,error_logs,line_number,9,integer,,32,,YES,,,,,
system_config,error_logs,stack_trace,10,text,,,,YES,,,,,
system_config,error_logs,user_id,11,integer,,32,,YES,,,FK,org_users,user_id
system_config,error_logs,session_id,12,text,,,,YES,,,,,
system_config,error_logs,request_id,13,text,,,,YES,,,,,
system_config,error_logs,request_url,14,text,,,,YES,,,,,
system_config,error_logs,request_method,15,text,,,,YES,,,,,
system_config,error_logs,request_params,16,jsonb,,,,YES,,,,,
system_config,error_logs,environment,17,text,,,,YES,,,,,
system_config,error_logs,server_name,18,text,,,,YES,,,,,
system_config,error_logs,error_data,19,jsonb,,,,YES,'{}'::jsonb,,,,
system_config,error_logs,is_resolved,20,boolean,,,,YES,false,,,,
system_config,error_logs,resolved_by,21,integer,,32,,YES,,,FK,org_users,user_id
system_config,error_logs,resolved_at,22,timestamp with time zone,,,,YES,,,,,
system_config,error_logs,resolution_notes,23,text,,,,YES,,,,,
system_config,feature_flags,flag_id,1,integer,,32,,NO,nextval('system_config.feature_flags_flag_id_seq'::regclass),,PK,,
system_config,feature_flags,org_id,2,uuid,,,,YES,,,FK,organizations,org_id
system_config,feature_flags,flag_key,3,text,,,,NO,,,,,
system_config,feature_flags,flag_name,4,text,,,,NO,,,,,
system_config,feature_flags,description,5,text,,,,YES,,,,,
system_config,feature_flags,flag_type,6,text,,,,NO,,,,,
system_config,feature_flags,default_value,7,text,,,,NO,,,,,
system_config,feature_flags,targeting_rules,8,jsonb,,,,YES,'[]'::jsonb,,,,
system_config,feature_flags,rollout_percentage,9,integer,,32,,YES,100,,,,
system_config,feature_flags,rollout_strategy,10,text,,,,YES,'all'::text,,,,
system_config,feature_flags,variants,11,jsonb,,,,YES,'[]'::jsonb,,,,
system_config,feature_flags,is_active,12,boolean,,,,YES,true,,,,
system_config,feature_flags,expires_at,13,timestamp with time zone,,,,YES,,,,,
system_config,feature_flags,created_at,14,timestamp with time zone,,,,YES,CURRENT_TIMESTAMP,,,,
system_config,feature_flags,updated_at,15,timestamp with time zone,,,,YES,CURRENT_TIMESTAMP,,,,
system_config,feature_flags,created_by,16,integer,,32,,YES,,,FK,org_users,user_id
system_config,integration_logs,log_id,1,bigint,,64,,NO,nextval('system_config.integration_logs_log_id_seq'::regclass),,PK,,
system_config,integration_logs,integration_id,2,integer,,32,,NO,,,FK,system_integrations,integration_id
system_config,integration_logs,request_timestamp,3,timestamp with time zone,,,,YES,CURRENT_TIMESTAMP,,,,
system_config,integration_logs,endpoint_name,4,text,,,,YES,,,,,
system_config,integration_logs,request_method,5,text,,,,YES,,,,,
system_config,integration_logs,request_url,6,text,,,,YES,,,,,
system_config,integration_logs,request_headers,7,jsonb,,,,YES,,,,,
system_config,integration_logs,request_body,8,jsonb,,,,YES,,,,,
system_config,integration_logs,response_timestamp,9,timestamp with time zone,,,,YES,,,,,
system_config,integration_logs,response_status_code,10,integer,,32,,YES,,,,,
system_config,integration_logs,response_headers,11,jsonb,,,,YES,,,,,
system_config,integration_logs,response_body,12,jsonb,,,,YES,,,,,
system_config,integration_logs,response_time_ms,13,integer,,32,,YES,,,,,
system_config,integration_logs,status,14,text,,,,NO,,,,,
system_config,integration_logs,error_message,15,text,,,,YES,,,,,
system_config,integration_logs,reference_type,16,text,,,,YES,,,,,
system_config,integration_logs,reference_id,17,text,,,,YES,,,,,
system_config,integration_logs,created_at,18,timestamp with time zone,,,,YES,CURRENT_TIMESTAMP,,,,
system_config,job_execution_history,execution_id,1,integer,,32,,NO,nextval('system_config.job_execution_history_execution_id_seq'::regclass),,PK,,
system_config,job_execution_history,job_id,2,integer,,32,,NO,,,FK,scheduled_jobs,job_id
system_config,job_execution_history,start_time,3,timestamp with time zone,,,,NO,,,,,
system_config,job_execution_history,end_time,4,timestamp with time zone,,,,YES,,,,,
system_config,job_execution_history,duration_seconds,5,integer,,32,,YES,,,,,
system_config,job_execution_history,execution_status,6,text,,,,NO,,,,,
system_config,job_execution_history,records_processed,7,integer,,32,,YES,,,,,
system_config,job_execution_history,records_succeeded,8,integer,,32,,YES,,,,,
system_config,job_execution_history,records_failed,9,integer,,32,,YES,,,,,
system_config,job_execution_history,output_log,10,text,,,,YES,,,,,
system_config,job_execution_history,error_log,11,text,,,,YES,,,,,
system_config,job_execution_history,cpu_usage_percent,12,numeric,,5,2,YES,,,,,
system_config,job_execution_history,memory_usage_mb,13,integer,,32,,YES,,,,,
system_config,job_execution_history,created_at,14,timestamp with time zone,,,,YES,CURRENT_TIMESTAMP,,,,
system_config,scheduled_jobs,job_id,1,integer,,32,,NO,nextval('system_config.scheduled_jobs_job_id_seq'::regclass),,PK,,
system_config,scheduled_jobs,org_id,2,uuid,,,,YES,,,FK,organizations,org_id
system_config,scheduled_jobs,job_name,3,text,,,,NO,,,,,
system_config,scheduled_jobs,job_type,4,text,,,,NO,,,,,
system_config,scheduled_jobs,job_category,5,text,,,,NO,,,,,
system_config,scheduled_jobs,schedule_type,6,text,,,,NO,,,,,
system_config,scheduled_jobs,cron_expression,7,text,,,,YES,,,,,
system_config,scheduled_jobs,next_run_time,8,timestamp with time zone,,,,YES,,,,,
system_config,scheduled_jobs,job_function,9,text,,,,NO,,,,,
system_config,scheduled_jobs,job_parameters,10,jsonb,,,,YES,'{}'::jsonb,,,,
system_config,scheduled_jobs,max_retries,11,integer,,32,,YES,3,,,,
system_config,scheduled_jobs,retry_interval_minutes,12,integer,,32,,YES,5,,,,
system_config,scheduled_jobs,timeout_minutes,13,integer,,32,,YES,60,,,,
system_config,scheduled_jobs,priority,14,integer,,32,,YES,5,,,,
system_config,scheduled_jobs,job_status,15,text,,,,YES,'active'::text,,,,
system_config,scheduled_jobs,last_run_time,16,timestamp with time zone,,,,YES,,,,,
system_config,scheduled_jobs,last_run_status,17,text,,,,YES,,,,,
system_config,scheduled_jobs,last_run_duration_seconds,18,integer,,32,,YES,,,,,
system_config,scheduled_jobs,last_error_message,19,text,,,,YES,,,,,
system_config,scheduled_jobs,total_runs,20,integer,,32,,YES,0,,,,
system_config,scheduled_jobs,successful_runs,21,integer,,32,,YES,0,,,,
system_config,scheduled_jobs,failed_runs,22,integer,,32,,YES,0,,,,
system_config,scheduled_jobs,created_at,23,timestamp with time zone,,,,YES,CURRENT_TIMESTAMP,,,,
system_config,scheduled_jobs,updated_at,24,timestamp with time zone,,,,YES,CURRENT_TIMESTAMP,,,,
system_config,scheduled_jobs,created_by,25,integer,,32,,YES,,,FK,org_users,user_id
system_config,scheduled_notifications,scheduled_notification_id,1,integer,,32,,NO,nextval('system_config.scheduled_notifications_scheduled_notification_id_seq'::regclass),,PK,,
system_config,scheduled_notifications,org_id,2,uuid,,,,NO,,,FK,organizations,org_id
system_config,scheduled_notifications,scheduled_for,3,timestamp with time zone,,,,NO,,,,,
system_config,scheduled_notifications,notification_type,4,text,,,,NO,,,,,
system_config,scheduled_notifications,notification_category,5,text,,,,NO,,,,,
system_config,scheduled_notifications,title,6,text,,,,NO,,,,,
system_config,scheduled_notifications,message,7,text,,,,NO,,,,,
system_config,scheduled_notifications,priority,8,text,,,,YES,'normal'::text,,,,
system_config,scheduled_notifications,target_users,9,ARRAY,,,,YES,,,,,
system_config,scheduled_notifications,target_roles,10,ARRAY,,,,YES,,,,,
system_config,scheduled_notifications,notification_data,11,jsonb,,,,YES,'{}'::jsonb,,,,
system_config,scheduled_notifications,status,12,text,,,,YES,'pending'::text,,,,
system_config,scheduled_notifications,sent_at,13,timestamp with time zone,,,,YES,,,,,
system_config,scheduled_notifications,created_at,14,timestamp with time zone,,,,YES,CURRENT_TIMESTAMP,,,,
system_config,scheduled_notifications,created_by,15,integer,,32,,NO,,,FK,org_users,user_id
system_config,setting_definitions,setting_key,1,text,,,,NO,,,PK,,
system_config,setting_definitions,setting_category,2,text,,,,NO,,,,,
system_config,setting_definitions,setting_type,3,text,,,,NO,,,,,
system_config,setting_definitions,default_value,4,jsonb,,,,YES,,,,,
system_config,setting_definitions,description,5,text,,,,YES,,,,,
system_config,setting_definitions,is_required,6,boolean,,,,YES,false,,,,
system_config,setting_definitions,is_encrypted,7,boolean,,,,YES,false,,,,
system_config,setting_definitions,validation_rules,8,jsonb,,,,YES,,,,,
system_config,setting_definitions,is_active,9,boolean,,,,YES,true,,,,
system_config,setting_definitions,created_at,10,timestamp without time zone,,,,YES,CURRENT_TIMESTAMP,,,,
system_config,system_health_metrics,metric_id,1,integer,,32,,NO,nextval('system_config.system_health_metrics_metric_id_seq'::regclass),,PK,,
system_config,system_health_metrics,metric_timestamp,2,timestamp with time zone,,,,YES,CURRENT_TIMESTAMP,,,,
system_config,system_health_metrics,cpu_usage_percent,3,numeric,,5,2,YES,,,,,
system_config,system_health_metrics,memory_usage_percent,4,numeric,,5,2,YES,,,,,
system_config,system_health_metrics,disk_usage_percent,5,numeric,,5,2,YES,,,,,
system_config,system_health_metrics,active_connections,6,integer,,32,,YES,,,,,
system_config,system_health_metrics,total_connections,7,integer,,32,,YES,,,,,
system_config,system_health_metrics,slow_queries_count,8,integer,,32,,YES,,,,,
system_config,system_health_metrics,deadlock_count,9,integer,,32,,YES,,,,,
system_config,system_health_metrics,active_users,10,integer,,32,,YES,,,,,
system_config,system_health_metrics,requests_per_minute,11,integer,,32,,YES,,,,,
system_config,system_health_metrics,average_response_time_ms,12,integer,,32,,YES,,,,,
system_config,system_health_metrics,error_rate_percent,13,numeric,,5,2,YES,,,,,
system_config,system_health_metrics,pending_jobs,14,integer,,32,,YES,,,,,
system_config,system_health_metrics,failed_jobs,15,integer,,32,,YES,,,,,
system_config,system_health_metrics,cache_hit_rate_percent,16,numeric,,5,2,YES,,,,,
system_config,system_health_metrics,cache_size_mb,17,integer,,32,,YES,,,,,
system_config,system_health_metrics,overall_health_status,18,text,,,,YES,,,,,
system_config,system_health_metrics,alerts_triggered,19,integer,,32,,YES,0,,,,
system_config,system_integrations,integration_id,1,integer,,32,,NO,nextval('system_config.system_integrations_integration_id_seq'::regclass),,PK,,
system_config,system_integrations,org_id,2,uuid,,,,NO,,,FK,organizations,org_id
system_config,system_integrations,integration_name,3,text,,,,NO,,,,,
system_config,system_integrations,integration_type,4,text,,,,NO,,,,,
system_config,system_integrations,provider_name,5,text,,,,YES,,,,,
system_config,system_integrations,base_url,6,text,,,,YES,,,,,
system_config,system_integrations,auth_type,7,text,,,,YES,,,,,
system_config,system_integrations,auth_config,8,jsonb,,,,YES,'{}'::jsonb,,,,
system_config,system_integrations,connection_config,9,jsonb,,,,YES,'{}'::jsonb,,,,
system_config,system_integrations,endpoints,10,jsonb,,,,YES,'[]'::jsonb,,,,
system_config,system_integrations,is_active,11,boolean,,,,YES,true,,,,
system_config,system_integrations,last_test_date,12,timestamp with time zone,,,,YES,,,,,
system_config,system_integrations,last_test_status,13,text,,,,YES,,,,,
system_config,system_integrations,health_check_url,14,text,,,,YES,,,,,
system_config,system_integrations,health_check_interval_minutes,15,integer,,32,,YES,,,,,
system_config,system_integrations,created_at,16,timestamp with time zone,,,,YES,CURRENT_TIMESTAMP,,,,
system_config,system_integrations,updated_at,17,timestamp with time zone,,,,YES,CURRENT_TIMESTAMP,,,,
system_config,system_integrations,created_by,18,integer,,32,,NO,,,FK,org_users,user_id
system_config,system_notifications,notification_id,1,integer,,32,,NO,nextval('system_config.system_notifications_notification_id_seq'::regclass),,PK,,
system_config,system_notifications,org_id,2,uuid,,,,NO,,,FK,organizations,org_id
system_config,system_notifications,notification_type,3,text,,,,NO,,,,,
system_config,system_notifications,notification_category,4,text,,,,NO,,,,,
system_config,system_notifications,title,5,text,,,,NO,,,,,
system_config,system_notifications,message,6,text,,,,NO,,,,,
system_config,system_notifications,priority,7,text,,,,YES,'normal'::text,,,,
system_config,system_notifications,requires_acknowledgment,8,boolean,,,,YES,false,,,,
system_config,system_notifications,target_audience,9,text,,,,NO,'all'::text,"Target audience for the notification. Defaults to ""all"". Options: all, finance_team, warehouse_team, sales_team, management",,,
system_config,system_notifications,target_users,10,ARRAY,,,,YES,,,,,
system_config,system_notifications,target_roles,11,ARRAY,,,,YES,,,,,
system_config,system_notifications,target_branches,12,ARRAY,,,,YES,,,,,
system_config,system_notifications,notification_data,13,jsonb,,,,YES,'{}'::jsonb,,,,
system_config,system_notifications,action_url,14,text,,,,YES,,,,,
system_config,system_notifications,valid_from,15,timestamp with time zone,,,,YES,CURRENT_TIMESTAMP,,,,
system_config,system_notifications,valid_until,16,timestamp with time zone,,,,YES,,,,,
system_config,system_notifications,is_active,17,boolean,,,,YES,true,,,,
system_config,system_notifications,created_at,18,timestamp with time zone,,,,YES,CURRENT_TIMESTAMP,,,,
system_config,system_notifications,created_by,19,integer,,32,,YES,,,FK,org_users,user_id
system_config,system_settings,setting_id,1,integer,,32,,NO,nextval('system_config.system_settings_setting_id_seq'::regclass),,PK,,
system_config,system_settings,org_id,2,uuid,,,,YES,,,FK,organizations,org_id
system_config,system_settings,setting_category,3,text,,,,NO,,,,,
system_config,system_settings,setting_key,4,text,,,,NO,,,,,
system_config,system_settings,setting_name,5,text,,,,NO,,,,,
system_config,system_settings,setting_value,6,text,,,,YES,,,,,
system_config,system_settings,setting_type,7,text,,,,NO,,,,,
system_config,system_settings,default_value,8,text,,,,YES,,,,,
system_config,system_settings,validation_rules,9,jsonb,,,,YES,'{}'::jsonb,,,,
system_config,system_settings,description,10,text,,,,YES,,,,,
system_config,system_settings,help_text,11,text,,,,YES,,,,,
system_config,system_settings,setting_scope,12,text,,,,NO,,,,,
system_config,system_settings,branch_id,13,integer,,32,,YES,,,FK,org_branches,branch_id
system_config,system_settings,user_id,14,integer,,32,,YES,,,FK,org_users,user_id
system_config,system_settings,ui_component,15,text,,,,YES,,,,,
system_config,system_settings,display_order,16,integer,,32,,YES,,,,,
system_config,system_settings,group_name,17,text,,,,YES,,,,,
system_config,system_settings,is_sensitive,18,boolean,,,,YES,false,,,,
system_config,system_settings,requires_restart,19,boolean,,,,YES,false,,,,
system_config,system_settings,is_active,20,boolean,,,,YES,true,,,,
system_config,system_settings,is_editable,21,boolean,,,,YES,true,,,,
system_config,system_settings,created_at,22,timestamp with time zone,,,,YES,CURRENT_TIMESTAMP,,,,
system_config,system_settings,updated_at,23,timestamp with time zone,,,,YES,CURRENT_TIMESTAMP,,,,
system_config,system_settings,updated_by,24,integer,,32,,YES,,,FK,org_users,user_id
system_config,user_notifications,user_notification_id,1,integer,,32,,NO,nextval('system_config.user_notifications_user_notification_id_seq'::regclass),,PK,,
system_config,user_notifications,notification_id,2,integer,,32,,NO,,,FK,system_notifications,notification_id
system_config,user_notifications,user_id,3,integer,,32,,NO,,,FK,org_users,user_id
system_config,user_notifications,is_read,4,boolean,,,,YES,false,,,,
system_config,user_notifications,read_at,5,timestamp with time zone,,,,YES,,,,,
system_config,user_notifications,is_acknowledged,6,boolean,,,,YES,false,,,,
system_config,user_notifications,acknowledged_at,7,timestamp with time zone,,,,YES,,,,,
system_config,user_notifications,is_dismissed,8,boolean,,,,YES,false,,,,
system_config,user_notifications,dismissed_at,9,timestamp with time zone,,,,YES,,,,,
system_config,user_notifications,delivered_at,10,timestamp with time zone,,,,YES,CURRENT_TIMESTAMP,,,,
system_config,user_notifications,delivery_channel,11,text,,,,YES,'in_app'::text,,,,
system_config,user_notifications,created_at,12,timestamp with time zone,,,,YES,CURRENT_TIMESTAMP,,,,
system_config,workflow_definitions,workflow_id,1,integer,,32,,NO,nextval('system_config.workflow_definitions_workflow_id_seq'::regclass),,PK,,
system_config,workflow_definitions,org_id,2,uuid,,,,NO,,,FK,organizations,org_id
system_config,workflow_definitions,workflow_code,3,text,,,,NO,,,,,
system_config,workflow_definitions,workflow_name,4,text,,,,NO,,,,,
system_config,workflow_definitions,workflow_type,5,text,,,,NO,,,,,
system_config,workflow_definitions,steps,6,jsonb,,,,NO,'[]'::jsonb,,,,
system_config,workflow_definitions,conditions,7,jsonb,,,,YES,'{}'::jsonb,,,,
system_config,workflow_definitions,escalation_rules,8,jsonb,,,,YES,'{}'::jsonb,,,,
system_config,workflow_definitions,is_active,9,boolean,,,,YES,true,,,,
system_config,workflow_definitions,created_at,10,timestamp with time zone,,,,YES,CURRENT_TIMESTAMP,,,,
system_config,workflow_definitions,updated_at,11,timestamp with time zone,,,,YES,CURRENT_TIMESTAMP,,,,
system_config,workflow_instances,instance_id,1,integer,,32,,NO,nextval('system_config.workflow_instances_instance_id_seq'::regclass),,PK,,
system_config,workflow_instances,workflow_id,2,integer,,32,,NO,,,FK,workflow_definitions,workflow_id
system_config,workflow_instances,org_id,3,uuid,,,,NO,,,FK,organizations,org_id
system_config,workflow_instances,instance_code,4,text,,,,NO,,,,,
system_config,workflow_instances,reference_type,5,text,,,,NO,,,,,
system_config,workflow_instances,reference_id,6,integer,,32,,NO,,,,,
system_config,workflow_instances,current_step,7,integer,,32,,NO,1,,,,
system_config,workflow_instances,instance_status,8,text,,,,NO,'pending'::text,,,,
system_config,workflow_instances,approval_history,9,jsonb,,,,YES,'[]'::jsonb,,,,
system_config,workflow_instances,initiated_at,10,timestamp with time zone,,,,YES,CURRENT_TIMESTAMP,,,,
system_config,workflow_instances,completed_at,11,timestamp with time zone,,,,YES,,,,,
system_config,workflow_instances,sla_deadline,12,timestamp with time zone,,,,YES,,,,,
system_config,workflow_instances,is_escalated,13,boolean,,,,YES,false,,,,
system_config,workflow_instances,escalation_level,14,integer,,32,,YES,0,,,,
system_config,workflow_instances,created_at,15,timestamp with time zone,,,,YES,CURRENT_TIMESTAMP,,,,
system_config,workflow_instances,updated_at,16,timestamp with time zone,,,,YES,CURRENT_TIMESTAMP,,,,
system_config,workflow_instances,created_by,17,integer,,32,,NO,,,FK,org_users,user_id
public,document_number_sequences,sequence_id,1,integer,,32,,NO,nextval('document_number_sequences_sequence_id_seq'::regclass),,PK,,
public,document_number_sequences,document_type,2,character varying,50,,,NO,,,,,
public,document_number_sequences,org_id,3,uuid,,,,YES,,,,,
public,document_number_sequences,year_prefix,4,character varying,4,,,NO,,,,,
public,document_number_sequences,last_sequence_number,5,bigint,,64,,NO,10000000,,,,
public,document_number_sequences,last_generated_number,6,character varying,50,,,YES,,,,,
public,document_number_sequences,created_at,7,timestamp without time zone,,,,YES,CURRENT_TIMESTAMP,,,,
public,document_number_sequences,updated_at,8,timestamp without time zone,,,,YES,CURRENT_TIMESTAMP,,,,
